,before,after
0,Dilectissimo,dilectissimo
1,in,in
2,cristo,cristo
3,Ihesu,iesu
4,patri,patri
5,burghardo,burghardo
6,lectori,lectori
7,fratrum,fratrum
8,ordinis,ordinis
9,predicatorum,predicatorum
10,"madeburch,",madeburc
11,frater,frater
12,burghardus,burghardus
13,de,de
14,monte,monte
15,syon,sion
16,cum,cum
17,omni,omni
18,devocione,deuotione
19,oraciones,orationes
20,domino,domino
21,ihesu,iesu
22,Christo.,cristo
23,Quid,quid
24,vobis,uobis
25,"scribam,",scribam
26,pater,pater
27,"karissime,",karissime
28,non,non
29,invenio.,inuenio
30,deficit,deficit
31,"stilus,",stilus
32,lagwet,lagwet
33,"ingenium,",ingenium
34,os,os
35,enarrare,enarrare
36,sufficit,suficit
37,que,que
38,bona,bona
39,michi,mici
40,dedit,dedit
41,dominus,dominus
42,qui,qui
43,omnibus,omnibus
44,desiderium,desiderium
45,meum,meum
46,adimplevit.,adimpleuit
47,Ecce,ecce
48,loca,loca
49,omnia,omnia
50,sancta,sancta
51,terram,terram
52,"sanctam,",sanctam
53,quam,quam
54,universe,uniuerse
55,christi,cristi
56,ecclesie,ecclesie
57,nocte,nocte
58,dieque,dieque
59,sonare,sonare
60,"desinunt,",desinunt
61,devocionis,deuotionis
62,pedibus,pedibus
63,"circuire,",circuire
64,oculis,oculis
65,"videre,",uidere
66,manibus,manibus
67,attrectare,atrectare
68,mihi,mii
69,concessit,concessit
70,ad,ad
71,libitum,libitum
72,bonus,bonus
73,ille,ile
74,"ihesus,",iesus
75,eam,eam
76,inhabitando,inhabitando
77,et,et
78,verbo,uerbo
79,doctrine,doctrine
80,illuminando,iluminando
81,illuminatam,iluminatam
82,suo,suo
83,sacratissimo,sacratissimo
84,sagwine,sagwine
85,consecravit.,consecrauit
86,Certe,certe
87,delectabile,delectabile
88,est,est
89,hanc,hanc
90,aspirare.,aspirare
91,delectabilius,delectabilius
92,visitare,uisitare
93,super,super
94,omne,omne
95,mel,mel
96,"favum,",fauum
97,dulcius,dulcius
98,ea,ea
99,commorari,comorari
100,corporeis,corporeis
101,intueri,intueri
102,mentis,mentis
103,intellectu,intelectu
104,revolvere,reuoluere
105,quomodo,quomodo
106,locis,locis
107,singulis,singulis
108,nostram,nostram
109,salutem,salutem
110,sit,sit
111,operates.Venerabantur,operatesuenerabantur
112,quondam,quondam
113,iudei,iudei
114,"sanctorum,",sanctorum
115,quia,quia
116,ibi,ibi
117,erat,erat
118,archa,arca
119,"testamenti,",testamenti
120,cherubin,cerubin
121,propiciatorium,propitiatorium
122,urna,urna
123,aurea,aurea
124,contines,contines
125,"manna,",manna
126,virgam,uirgam
127,aaron.,aaron
128,Nonne,nonne
129,venerabilius,uenerabilius
130,sepulcrum,sepulcrum
131,dulcis,dulcis
132,illius,ilius
133,quod,quod
134,quotiens,quotiens
135,quis,quis
136,ingreditur,ingreditur
137,totiens,totiens
138,involutum,inuolutum
139,syndone,sindone
140,videt,uidet
141,ihesum,iesum
142,paululum,paululum
143,procumbens,procumbens
144,lapidem,lapidem
145,revolutum,reuolutum
146,agelum,agelum
147,eo,eo
148,sedentem,sedentem
149,sudarium,sudarium
150,ostendentem.,ostendentem
151,Quis,quis
152,totis,totis
153,desideiis,desideiis
154,anhelat?,anhelat
155,christianus,cristianus
156,relictis,relictis
157,habet,habet
158,parentibus,parentibus
159,amicis,amicis
160,conato,conato
161,gradu,gradu
162,posteriorum,posteriorum
163,oblitus,oblitus
164,anteriora,anteriora
165,se,se
166,extendat,extendat
167,veniat,ueniat
168,"Bethlehem,",betlehem
169,videns,uidens
170,puerum,puerum
171,Ihesum,iesum
172,presepio,presepio
173,vagientem,uagientem
174,mariam,mariam
175,diversorio,diuersorio
176,sub,sub
177,rupe,rupe
178,concava,concaua
179,parientem,parientem
180,angelos,angelos
181,pastoribus,pastoribus
182,deo,deo
183,gloriam,gloriam
184,pacem,pacem
185,hominibus,hominibus
186,decantantes,decantantes
187,plurium,plurium
188,mirandum,mirandum
189,tres,tres
190,ili,ili
191,reges,reges
192,mages,mages
193,tate,tate
194,preclari,preclari
195,ante,ante
196,presepe,presepe
197,ado,ado
198,rant,rant
199,habentem,habentem
200,desuper,desuper
201,tectum,tectum
202,ut,ut
203,hodie,hodie
204,cernitur,cernitur
205,nisi,nisi
206,rupem,rupem
207,pendentem.,pendentem
208,post,post
209,hec,hec
210,"iherusalem,",ierusalem
211,videat,uideat
212,templo,templo
213,"predicantem,",predicantem
214,turbas,turbas
215,"docentem,",docentem
216,oliveti,oliueti
217,"sedentem,",sedentem
218,"cenantem,",cenantem
219,discipulorum,discipulorum
220,pedes,pedes
221,"lavantem,",lauantem
222,corpus,corpus
223,suum,suum
224,"tradentem,",tradentem
225,gethsemani,getsemani
226,orantem,orantem
227,sudorem,sudorem
228,sagwineum,sagwineum
229,sudantem,sudantem
230,traditorem,traditorem
231,osculantem,osculantem
232,illusum,ilusum
233,consputum,consputum
234,iudicatum,iudicatum
235,crucem,crucem
236,baiulantem,baiulantem
237,pondere,pondere
238,crucis,crucis
239,porta,porta
240,civitatis,ciuitatis
241,ubi,ubi
242,deficientem,deficientem
243,cyrreneum,cirreneum
244,succedentem,succedentem
245,calvaria,caluaria
246,passionis,passionis
247,misteria,misteria
248,celebrantem?,celebrantem
249,horum,horum
250,omnium,omnium
251,locorum,locorum
252,singulorum,singulorum
253,adhuc,adhuc
254,ita,ita
255,plena,plena
256,memoria,memoria
257,sicut,sicut
258,illo,ilo
259,die,die
260,extitit,extitit
261,quando,quando
262,presentialiter,presentialiter
263,erant,erant
264,facta.,facta
265,hac,hac
266,urbe,urbe
267,tot,tot
268,sunt,sunt
269,domini,domini
270,passione,passione
271,factis,factis
272,venerabilia,uenerabilia
273,nullo,nulo
274,modo,modo
275,dies,dies
276,peragendum.Sunt,peragendumsunt
277,preterea,preterea
278,devocionem,deuotionem
279,excitant,excitant
280,ampliorem.,ampliorem
281,enim,enim
282,quot,quot
283,"monachi,",monaci
284,"moniales,",moniales
285,"Georgia,",georgia
286,"armena,",armena
287,"caldea,",caldea
288,"yndia,",india
289,"nubia,",nubia
290,"Syria,",siria
291,"Ethiopia,",etiopia
292,turmatim,turmatim
293,centeni,centeni
294,ducentem,ducentem
295,plus,plus
296,minus,minus
297,discurrentes,discurrentes
298,per,per
299,singula,singula
300,spiritu,spiritu
301,"vehementi,",uehementi
302,osculantur,osculantur
303,"terram,",terram
304,amplectantur,amplectantur
305,quibus,quibus
306,dulcem,dulcem
307,vel,aut
308,stetisse,stetisse
309,sedisse,sedisse
310,aliud,aliud
311,quid,quid
312,egisse,egisse
313,audierunt.,audierunt
314,Nunc,nunc
315,(232v),
316,tundunt,tundunt
317,pectus,pectus
318,nunc,nunc
319,fletus,fletus
320,gemitus,gemitus
321,suspiria,suspiria
322,emitentes,emitentes
323,gestum,gestum
324,corporis,corporis
325,foris,foris
326,ostendunt,ostendunt
327,absque,absque
328,dubio,dubio
329,intus,intus
330,"habent,",habent
331,lacrimas,lacrimas
332,provocant,prouocant
333,plerumque,plerumque
334,eciam,etiam
335,sarracenos.,sarracenos
336,Historias,historias
337,abraham,abraham
338,caldeam,caldeam
339,Raboth,rabot
340,campum,campum
341,sennaar,sennaar
342,duram,duram
343,provincie,prouincie
344,babylonis,babilonis
345,relinquentem,relinquentem
346,domum,domum
347,patris,patris
348,egredientem,egredientem
349,caenam,cenam
350,divitentem,diuitentem
351,anhelantem,anhelantem
352,inter,inter
353,betel,betel
354,hay,hai
355,bersabee,bersabee
356,geraris,geraris
357,ebron,ebron
358,tabernacula,tabernacula
359,figentem,figentem
360,"video,",uideo
361,ezechielem,esecielem
362,deserentem,deserentem
363,flumina,flumina
364,sedit,sedit
365,medio,medio
366,captinorum,captinorum
367,celum,celum
368,capillo,capilo
369,capitis,capitis
370,sublevatum,subleuatum
371,iherusalem,ierusalem
372,transvolantem.,transuolantem
373,dicam,dicam
374,virgine,uirgine
375,gloriosa,gloriosa
376,postquam,postquam
377,angelica,angelica
378,facta,facta
379,"promissio,",promissio
380,licet,licet
381,iam,iam
382,sciret,sciret
383,uterum,uterum
384,tabernaculum,tabernaculum
385,esse,esse
386,dei,dei
387,contenta,contenta
388,campestribus,campestribus
389,galilee,galilee
390,sed,sed
391,statim,statim
392,montana,montana
393,conscendit,conscendit
394,volens,uolens
395,sanctoribus,sanctoribus
396,propinquare.,propinquare
397,patriarchis,patriarcis
398,iacob,iacob
399,ioseph,iosep
400,fratribus,fratribus
401,eius,eius
402,vivi,uiui
403,terra,terra
404,potuerit,potuerit
405,elegerunt,elegerunt
406,mortui,mortui
407,sepulturam.,sepulturam
408,plura?,plura
409,tarditatem,tarditatem
410,ingemisco,ingemisco
411,christianorum,cristianorum
412,nostri,nostri
413,temporis,temporis
414,exempla,exempla
415,habentes,habentes
416,tardi,tardi
417,inimicorum,inimicorum
418,eruere,eruere
419,consecravit,consecrauit
420,ihesus,iesus
421,christus,cristus
422,sagwine.,sagwine
423,Verum,uerum
424,video,uideo
425,vos,uos
426,affectum,afectum
427,saltem,saltem
428,aliqualiter,aliqualiter
429,ymaginari,imaginari
430,propter,propter
431,distantiam,distantiam
432,potestis,potestis
433,corporaliter,corporaliter
434,"intueri,",intueri
435,obediens,obediens
436,vestre,uestre
437,iussioni,iussioni
438,petitioni,petitioni
439,acquiescens,acquiescens
440,ipsam,ipsam
441,"describerem,",describerem
442,difficile,dificile
443,tamen,tamen
444,dilectionis,dilectionis
445,intuitu,intuitu
446,aggredior,aggredior
447,mandastis,mandastis
448,omnino,omnino
449,scientes,scientes
450,nichil,nicil
451,decriptione,decriptione
452,ponam,ponam
453,presencialiter,presentialiter
454,loco,loco
455,existens,existens
456,vidi,uidi
457,stans,stans
458,montibus,montibus
459,aliquibus,aliquibus
460,aliis,aliis
461,oportunis,oportunis
462,accessum,accessum
463,habere,habere
464,potui,potui
465,a,a
466,sarracenis,sarracenis
467,surianis,surianis
468,terre,terre
469,habitatoribus,habitatoribus
470,diligenttissime,diligentissime
471,interrogans,interrogans
472,querebam,querebam
473,annotavi.,annotaui
474,Totam,totam
475,eya,eia
476,domine,domine
477,"deus,",deus
478,secundum,secundum
479,veteres,ueteres
480,sanctam,sanctam
481,dan,dan
482,usque,usque
483,"bersabee,",bersabee
484,perambulavi,perambulaui
485,diligentissime,diligentissime
486,"consideravi,",consideraui
487,advertens,aduertens
488,autem,autem
489,studiose,studiose
490,possem,possem
491,utiliter,utiliter
492,describre,describre
493,legentibus,legentibus
494,possent,possent
495,intelligi,inteligi
496,facile,facile
497,"comrehendi,",comrehendi
498,cogitavi,cogitaui
499,centrum,centrum
500,aliquod,aliquod
501,ipsa,ipsa
502,collocare,colocare
503,circa,circa
504,illud,ilud
505,totam,totam
506,debito,debito
507,ordinare,ordinare
508,hoc,hoc
509,elegi,elegi
510,civitatem,ciuitatem
511,"aconensem,",aconensem
512,fere,fere
513,terrre,terrre
514,longitudinem,longitudinem
515,latitudinem,latitudinem
516,extremis,extremis
517,"patebit,",patebit
518,ab,ab
519,protraxi,protraxi
520,lineas,lineas
521,novem,nouem
522,plagas,plagas
523,mundi,mundi
524,quamlibet,quamlibet
525,quartam,quartam
526,divisi,diuisi
527,iii,
528,responderent,responderent
529,ventis,uentis
530,hiis,hiis
531,divisionibus,diuisionibus
532,posui,posui
533,civitates,ciuitates
534,magis,magis
535,nota,nota
536,scripturis,scripturis
537,distanciam,distantiam
538,invicem,inuicem
539,miliaria,miliaria
540,celi.,celi
541,Que,que
542,melius,melius
543,possint,possint
544,mitto,mito
545,simul,simul
546,pellem,pelem
547,qua,qua
548,oculum,oculum
549,figurantur.,figurantur
550,Suscipite,suscipite
551,ergo,ergo
552,gratanter,gratanter
553,laborem,laborem
554,quem,quem
555,libenter,libenter
556,vestri,uestri
557,causa,causa
558,assumpsi,assumpsi
559,communicetis,comunicetis
560,quos,quos
561,sciveritis,sciueritis
562,huiusmodi,huiusmodi
563,delectari.,delectari
564,Scio,stio
565,multum,multum
566,valet,ualet
567,cuilibet,cuilibet
568,legenti,legenti
569,bibliam,bibliam
570,audienti,audienti
571,factum,factum
572,tali,tali
573,loco.,loco
574,Valete,ualete
575,Christo,cristo
576,sitis,sitis
577,memor,memor
578,vestris,uestris
579,oracionibus,orationibus
580,pauperis,pauperis
581,pelegrini.Primo,pelegriniprimo
582,descriptionis,descriptionis
583,inicium,inicium
584,civitate,ciuitate
585,aggrediar,aggrediar
586,aconensi.,aconensi
587,Unde,unde
588,scire,scire
589,debetis,debetis
590,civitas,ciuitas
591,numquam,numquam
592,fuit,fuit
593,nec,nec
594,filiis,filiis
595,israel,isrel
596,possessa,possessa
597,tribui,tribui
598,asser,asser
599,distribucione,distributione
600,fuerit,fuerit
601,assignata.,assignata
602,Est,est
603,provincia,prouintia
604,phenicis,penicis
605,"sita,",sita
606,habens,habens
607,austrum,austrum
608,carmelum,carmelum
609,maris,maris
610,quatuor,quatuor
611,leucas,leucas
612,caypham,caipam
613,pedem,pedem
614,montis,montis
615,eiusdem,eiusdem
616,ultra,ultra
617,torrentem,torrentem
618,cyson,cison
619,caldea,caldea
620,veniens,ueniens
621,ibidem,ibidem
622,(233r),
623,intrat,intrat
624,mare,mare
625,magnum,magnum
626,elias,elias
627,prophetam,propetam
628,prophetas,propetas
629,baal,baal
630,interfecit.,interfecit
631,Phenicia,penitia
632,vero,uero
633,regio,regio
634,extenditur,extenditur
635,amplius,amplius
636,contra,contra
637,duas,duas
638,iuxta,iuxta
639,castrum,castrum
640,peregnorum,peregnorum
641,petram,petram
642,quandam,quandam
643,vocatur,uocatur
644,incisa,incisa
645,dividit,diuidit
646,pheniciam,penitiam
647,"palestina,",palestina
648,etiam,etiam
649,limes,limes
650,archiepiscopatus,arciepiscopatus
651,cesaree,cesaree
652,palestine,palestine
653,tyrensis,tirensis
654,metropolis,metropolis
655,phenicis.,penicis
656,Ista,ista
657,phenicia,penitia
658,littore,litore
659,longitudine,longitudine
660,plures,plures
661,dietas,dietas
662,laodiciam,laoditiam
663,celesirie,celesirie
664,antiochiam,antiociam
665,multas,multas
666,infra,infra
667,ordinem,ordinem
668,dicetur.,dicetur
669,Numquam,numquam
670,videtur,uidetur
671,extendit,extendit
672,quinque,quinque
673,"leucas,",leucas
674,altissimis,altissimis
675,oriente,oriente
676,ei,ei
677,imminentibus,iminentibus
678,orientalibus,orientalibus
679,provinciis,prouinciis
680,separata.,separata
681,Extenditur,extenditur
682,dictum,dictum
683,austro,austro
684,aquilonem,aquilonem
685,prima,prima
686,villa,uila
687,carmelo,carmelo
688,cayphas,caipas
689,habundans,habundans
690,olivetis,oliuetis
691,vinetus,uinetus
692,similibus,similibus
693,amenitatem,amenitatem
694,commoditantis,comoditantis
695,multis.,multis
696,Ab,ab
697,9,
698,leuce,leuce
699,accon.Est,acconest
700,accon,accon
701,munita,munita
702,valde,ualde
703,turribus,turribus
704,muris,muris
705,fortisimis,fortisimis
706,triangulam,triangulam
707,formam,formam
708,"clipeus,",clipeus
709,cuius,cuius
710,due,due
711,parte,parte
712,mari,mari
713,"ambiuntur,",ambiuntur
714,tercia,tertia
715,"recipit,",recipit
716,"circumdat,",circumdat
717,latitudinis,latitudinis
718,"partibus,",partibus
719,tam,tam
720,agris,agris
721,pascuis,pascuis
722,"habundans,",habundans
723,ortis,ortis
724,cardins,cardins
725,diversi,diuersi
726,generis,generis
727,fructus,fructus
728,reperiuntur.,reperiuntur
729,Et,et
730,ista,ista
731,multa,multa
732,milicia,militia
733,castris,castris
734,fortissimis,fortissimis
735,scilicet,scilicet
736,castro,castro
737,regis,regis
738,ierusalem,ierusalem
739,templariorum,templariorum
740,hospitaliorum,hospitaliorum
741,si,si
742,placet,placet
743,expugnare,expugnare
744,omnes,omnes
745,Procedentibus,procedentibus
746,directam,directam
747,viam,uiam
748,aquilonis,aquilonis
749,primo,primo
750,occurit,occurit
751,castellum,castelum
752,lamperti,lamperti
753,deinde,deinde
754,alias,alias
755,"scandalion,",scandalion
756,alexander,alexander
757,tyrum,tirum
758,obsidens,obsidens
759,dicitur,dicitur
760,construxisse,construxisse
761,satis,satis
762,amenum,amenum
763,fontibus,fontibus
764,vinetis,uinetis
765,ficetis,ficetis
766,olivetis.,oliuetis
767,inde,inde
768,duo,duo
769,mirabilis,mirabilis
770,puteus,puteus
771,aquarum,aquarum
772,viventium,uiuencium
773,pergentibus,pergentibus
774,admirabili,admirabili
775,opere,opere
776,constructus.,constructus
777,Quamvis,quamuis
778,singulariter,singulariter
779,dicatur,dicatur
780,unus,unus
781,structure,structure
782,"dispositionis,",dispositionis
783,quantitatis.,quantitatis
784,Unus,unus
785,principalis,principalis
786,40,
787,cubitos,cubitos
788,"longitudine,",longitudine
789,alii,alii
790,"24,",
791,quadrati,quadrati
792,"fortissimis,",fortissimis
793,lapidibus,lapidibus
794,maximis,maximis
795,durissimis,durissimis
796,altitudinem,altitudinem
797,haste,haste
798,unius,unius
799,circumdati,circumdati
800,colligitur,coligitur
801,aqua,aqua
802,exaltatur,exaltatur
803,omnem,omnem
804,partem,partem
805,defluit,defluit
806,"muros,",muros
807,deducitur,deducitur
808,tracones,tracones
809,aqueductus,aqueductus
810,planiciem,planiciem
811,tyri.,tiri
812,irrigantur,irrigantur
813,cardini,cardini
814,orti,orti
815,vinee,uinee
816,ficeta,ficeta
817,oliveta,oliueta
818,canne,canne
819,mellis,melis
820,tanta,tanta
821,quantitate,quantitate
822,cresunt,cresunt
823,partibus,partibus
824,illis,ilis
825,tyri,tiri
826,aliquociens,aliquociens
827,recipit,recipit
828,redditibus,redditibus
829,10,
830,milia,milia
831,bisanciorum,bisantiorum
832,aureorum.,aureorum
833,Distant,distant
834,fortes,fortes
835,isti,isti
836,magno,magno
837,modicus,modicus
838,iactum,iactum
839,arcus,arcus
840,isto,isto
841,modico,modico
842,spacio,spatio
843,impellunt,impelunt
844,rotas,rotas
845,molendini,molendini
846,magnas,magnas
847,"fluunt,",fluunt
848,sic,sic
849,posset,posset
850,facili,facili
851,comprehendi,comprehendi
852,quantas,quantas
853,commoditates,comoditates
854,prestent,prestent
855,incolis,incolis
856,fontes,fontes
857,isti.De,istide
858,unam,unam
859,leucam,leucam
860,modicam,modicam
861,directe,directe
862,sita,sita
863,preconio,preconio
864,parum,parum
865,scribo,scribo
866,ezechiel,eseciel
867,prophete,propete
868,plurima,plurima
869,conscripserunt.,conscripserunt
870,capax,capax
871,murorum,murorum
872,ambitu,ambitu
873,[quinque,quinque
874,passum,passum
875,faciunt,faciunt
876,passus,passus
877,quorum,quorum
878,centum,centum
879,viginti,uiginti
880,stadium,stadium
881,[?],
882,[ides],ides
883,octo,octo
884,facit,facit
885,stadia,stadia
886,duplicatum,duplicatum
887,[???],
888,leuci],leuci
889,(233v),
890,durissima,durissima
891,corde,corde
892,undique,undique
893,circumdata,circumdata
894,orientem.,orientem
895,nabuchodonocor,nabucodonocor
896,"primo,",primo
897,postea,postea
898,"allexander,",alexander
899,fecerunt,fecerunt
900,contiguam,contiguam
901,"terre,",terre
902,vix,uix
903,lapidis,lapidis
904,cincta,cincta
905,triplici,triplici
906,muro,muro
907,fortissimo,fortissimo
908,altissimo,altissimo
909,35,
910,spisso.,spisso
911,Qui,qui
912,muri,muri
913,muniti,muniti
914,12,
915,me,me
916,vidisse,uidisse
917,recolo,recolo
918,firmiores.,firmiores
919,Quibus,quibus
920,continutur,continutur
921,arx,arx
922,munitissima,munitissima
923,turres,turres
924,fortissimas,fortissimas
925,deberet,deberet
926,totus,totus
927,mundus.,mundus
928,Multe,multe
929,reliquie,reliquie
930,sanctorum:,sanctorum
931,Origines,origines
932,sepultus,sepultus
933,columpne,columpne
934,magne,magne
935,marmoree,marmoree
936,aliorum,aliorum
937,lapidum,lapidum
938,stupor,stupor
939,videre.,uidere
940,Ante,ante
941,portam,portam
942,australem,australem
943,duarum,duarum
944,sagittarum,sagitarum
945,ostenditur,ostenditur
946,locus,locus
947,predicationis,predicationis
948,Christi,cristi
949,mulier,mulier
950,extulit,extulit
951,vocem,uocem
952,"turba,",turba
953,dicens,dicens
954,“beatus,beatus
955,venter,uenter
956,te,te
957,portavit”,portauit
958,cetera,cetera
959,lapis,lapis
960,quo,quo
961,predicans,predicans
962,stetit,stetit
963,Ihesus.,iesus
964,arena,arena
965,aperitur,aperitur
966,illa,ila
967,levis,leuis
968,volatilis,uolatilis
969,apud,apud
970,nos,nos
971,nives,niues
972,motu,motu
973,venti,uenti
974,yeme,ieme
975,volare,uolare
976,solent,solent
977,cumulos,cumulos
978,magnos,magnos
979,facere.,facere
980,Iste,iste
981,arenarum,arenarum
982,semper,semper
983,nudus,nudus
984,remanet,remanet
985,estate,estate
986,"yeme,",ieme
987,rarum.,rarum
988,viridis,uiridis
989,herbosus,herbosus
990,turba.,turba
991,Recedentibus,recedentibus
992,tyro,tiro
993,versus,uersus
994,sydonem,sidonem
995,fluvius,fluuius
996,elenterus,elenterus
997,yonatas,ionatas
998,persecutus,persecutus
999,regem,regem
1000,demetrium.,demetrium
1001,venit,uenit
1002,yturea,iturea
1003,sive,siue
1004,galilea,galilea
1005,gencium,gencium
1006,confinio,confinio
1007,teoph,teop
1008,fluit,fluit
1009,beaford,beaford
1010,fuerat,fuerat
1011,milie,milie
1012,"templi,",templi
1013,procedens,procedens
1014,orma,orma
1015,quousque,quousque
1016,iosue,iosue
1017,24,
1018,decendit,decendit
1019,magnum.,magnum
1020,Ultra,ultra
1021,fluvium,fluuium
1022,istum,istum
1023,sarepta,sarepta
1024,sydoniorum,sidoniorum
1025,elyas,elias
1026,viduam,uiduam
1027,sareptenam.,sareptenam
1028,quedam,quedam
1029,capella,capela
1030,edificata,edificata
1031,filium,filium
1032,suscitavit,suscitauit
1033,cenaculum,cenaculum
1034,quievit.,quieuit
1035,De,de
1036,Sarepta,sarepta
1037,Sydon,sidon
1038,magna,magna
1039,"quondam,",quondam
1040,ruine,ruine
1041,magnitudinem,magnitudinem
1042,attestantur,atestantur
1043,crederentur,crederentur
1044,sribotetur.,sribotetur
1045,ipsis,ipsis
1046,ruinis,ruinis
1047,alia,alia
1048,modica,modica
1049,quidem,quidem
1050,haberet,haberet
1051,defensores.,defensores
1052,tota,tota
1053,hincinde,hincinde
1054,castra,castra
1055,"munita,",munita
1056,unum,unum
1057,colle,cole
1058,"et,",et
1059,edificaverunt,edificauerunt
1060,teutunici,teutunici
1061,peregrini.,peregrini
1062,ruina,ruina
1063,ad[i]acente,adiacente
1064,milicie,milicie
1065,templi.,templi
1066,Terra,terra
1067,fertilis,fertilis
1068,amena,amena
1069,bonis,bonis
1070,aere,ere
1071,sanissimo,sanissimo
1072,locum,locum
1073,placentem.,placentem
1074,Ducilibanus,ducilibanus
1075,distat,distat
1076,dimidiam,dimidiam
1077,habetur,habetur
1078,vinum,uinum
1079,delicatissimum,delicatissimum
1080,propheta,propeta
1081,memoriale,memoriale
1082,libani.,libani
1083,Sydonis,sidonis
1084,una,una
1085,celebravi.,celebraui
1086,locutus,locutus
1087,domi[n]us,domius
1088,cananee,cananee
1089,sanavit,sanauit
1090,filiam,filiam
1091,eius.,eius
1092,In,in
1093,via,uia
1094,ducit,ducit
1095,cesaream,cesaream
1096,philippi,pilippi
1097,ytuream,ituream
1098,nobilis,nobilis
1099,antiqua,antiqua
1100,"beritus,",beritus
1101,"predicasse,",predicasse
1102,ymagini,imagini
1103,illudentes,iludentes
1104,crucifigentes,crucifigentes
1105,pasta,pasta
1106,factam,factam
1107,sagwinem,sagwinem
1108,miraculose,miraculose
1109,"fuderint,",fuderint
1110,veneratione,ueneratione
1111,totum,totum
1112,orbem.,orbem
1113,Hucusque,hucusque
1114,partes,partes
1115,processi.,processi
1116,laodicia,laoditia
1117,ex,ex
1118,relacione,relatione
1119,dedici,dedici
1120,nobiles,nobiles
1121,quas,quas
1122,christiani,cristiani
1123,incolunt,incolunt
1124,(234r),
1125,"sitas,",sitas
1126,berithum,beritum
1127,gibilech,gibilec
1128,ezechiele,eseciele
1129,agitur,agitur
1130,biblium,biblium
1131,appellatur;,appelatur
1132,4,
1133,"botrum,",botrum
1134,6,
1135,metropolym,metropolim
1136,munitisima,munitisima
1137,"tyrus,",tirus
1138,pomeriis,pomeriis
1139,vineis,uineis
1140,comoditatibus,comoditatibus
1141,dicuntur,dicuntur
1142,dari,dari
1143,mundi.,mundi
1144,Iuxta,iuxta
1145,fons,fons
1146,ortorum,ortorum
1147,fluens,fluens
1148,impetu,impetu
1149,libano,libano
1150,amenitate,amenitate
1151,sua,sua
1152,commendat,comendat
1153,mirabiliter.,mirabiliter
1154,ipso,ipso
1155,fundo,fundo
1156,mediis,mediis
1157,aquis,aquis
1158,erumpit,erumpit
1159,aquam,aquam
1160,hauriunt,hauriunt
1161,cives,ciues
1162,ipsi.,ipsi
1163,Post,post
1164,tripolim,tripolim
1165,sequitur,sequitur
1166,tortoso,tortoso
1167,patriarchatu,patriarcatu
1168,"anthioceno,",antioceno
1169,antiquitus,antiquitus
1170,incoradum,incoradum
1171,"dicta,",dicta
1172,quasi,quasi
1173,rodum,rodum
1174,corde.,corde
1175,libanum,libanum
1176,situm,situm
1177,archis,arcis
1178,arachdius,aracdius
1179,diluvium,diluuium
1180,edificavit,edificauit
1181,dicit,dicit
1182,gloza,glosa
1183,"paralippomenon,",paralippomenon
1184,antetriadem,antetriadem
1185,nobilissima,nobilissima
1186,maxima,maxima
1187,"laodicia,",laoditia
1188,communis,comunis
1189,Christianis,cristianis
1190,Sarracenis.,sarracenis
1191,structuris,structuris
1192,mirabilia,mirabilia
1193,referunt.,referunt
1194,celesuria,celesuria
1195,"anthiochia,",antiocia
1196,armenia,armenia
1197,minor,minor
1198,Cilicia,cilitia
1199,nel,nel
1200,Licia,litia
1201,certe,certe
1202,Lycaon,licaon
1203,"dicitur,",dicitur
1204,tharsus,tarsus
1205,"civitas,",ciuitas
1206,paulus.,paulus
1207,turbia,turbia
1208,"yconium,",iconium
1209,terbon,terbon
1210,listris.,listris
1211,pro,pro
1212,capadocia,capadotia
1213,huius,huius
1214,cesarea,cesarea
1215,capadacie.,capadacie
1216,lineam,lineam
1217,sufficiat,sufitiat
1218,processisse.,processisse
1219,Transeamus,transeamus
1220,"orientem,",orientem
1221,aquilone,aquilone
1222,"retrahentes,",retrahentes
1223,incipiamus,incipiamus
1224,centro,centro
1225,diximus,diximus
1226,unamquamque,unamquamque
1227,distinctionem,distinctionem
1228,pervagantes,peruagantes
1229,fine,fine
1230,revertentes.,reuertentes
1231,secunda,secunda
1232,igitur,igitur
1233,distinctione,distinctione
1234,plagam,plagam
1235,orientalem,orientalem
1236,incipit,incipit
1237,declinare,declinare
1238,procedendo,procedendo
1239,mons,mons
1240,fortis,fortis
1241,domus,domus
1242,theutonice,teutonice
1243,penitus,penitus
1244,destructum.,destructum
1245,Inde,inde
1246,procededo,procededo
1247,damascum,damascum
1248,"toronum,",toronum
1249,munitum,munitum
1250,alto,alto
1251,"situm,",situm
1252,distans,distans
1253,septem,septem
1254,tyberiadis,tiberiadis
1255,edificaverat,edificauerat
1256,essent,essent
1257,sarraceni.,sarraceni
1258,asor,asor
1259,dicta,dicta
1260,habitavit,habitauit
1261,iabin,iabin
1262,rex,rex
1263,potens,potens
1264,yosue,iosue
1265,regibus,regibus
1266,pugnavit,pugnauit
1267,aquas,aquas
1268,maron,maron
1269,xi,xi
1270,flamma,flama
1271,consumpsit.,consumpsit
1272,tempora,tempora
1273,incarnacionis,incarnationis
1274,dicebatur,dicebatur
1275,"iothapata,",iotapata
1276,gentium,gencium
1277,turonum.,turonum
1278,iosephus,iosepus
1279,mirat,mirat
1280,romanos,romanos
1281,obsessus,obsessus
1282,captus,captus
1283,ipse,ipse
1284,testatur.,testatur
1285,monstrantur,monstrantur
1286,presentem,presentem
1287,diem.,diem
1288,vii,
1289,vi,
1290,belenas,belenas
1291,pede,pede
1292,lybani,libani
1293,lesen,lesen
1294,vocabatur,uocabatur
1295,esset,esset
1296,procul,procul
1297,"sydone,",sidone
1298,v,
1299,"leucis,",leucis
1300,nemine,nemine
1301,quidquam,quidquam
1302,societatis,societatis
1303,"haberet,",haberet
1304,regione,regione
1305,"rocholo,",rocolo
1306,ceperunt,ceperunt
1307,filii,filii
1308,appellaverunt,appelauerunt
1309,nomine,nomine
1310,sui.,sui
1311,sepe,sepe
1312,congregatus,congregatus
1313,omnis,omnis
1314,populus,populus
1315,bersabee.,bersabee
1316,philippus,pilippus
1317,tetrarcha,tetrarca
1318,appellavit,appelauit
1319,cesarem,cesarem
1320,memoriam,memoriam
1321,sui,sui
1322,nominis,nominis
1323,honoris,honoris
1324,tyberii,tiberii
1325,cesaris.,cesaris
1326,paneas,paneas
1327,"grece,",grece
1328,communiter,comuniter
1329,belenas.,belenas
1330,Super,super
1331,hinc,hinc
1332,declivi,decliui
1333,latere,latere
1334,oriuntur,oriuntur
1335,yor,ior
1336,modicum,modicum
1337,confluentes,confluentes
1338,officiunt,oficiunt
1339,yordanem,iordanem
1340,longos,longos
1341,(234v),
1342,circuitus,circuitus
1343,ingreditur.,ingreditur
1344,yordanis,iordanis
1345,vallem,ualem
1346,ingrediens,ingrediens
1347,stagnum,stagnum
1348,"colligitur,",coligitur
1349,rege,rege
1350,reflexit,reflexit
1351,victor,uictor
1352,eos,eos
1353,masrepha,masrepa
1354,magullin.,magulin
1355,tempore,tempore
1356,esti,esti
1357,exiccatur,exiccatur
1358,herbe,herbe
1359,arbusta,arbusta
1360,condense,condense
1361,tunc,tunc
1362,latitat,latitat
1363,multitudo,multitudo
1364,leonum,leonum
1365,ursorum,ursorum
1366,"aprorum,",aprorum
1367,venaciones,uenationes
1368,regie.,regie
1369,Medietas,medietas
1370,vallis,ualis
1371,constituta,constituta
1372,"distinctione,",distinctione
1373,medietas,medietas
1374,"sequenti,",sequenti
1375,videlicet,uidelicet
1376,dicam.,dicam
1377,has,has
1378,lybanum,libanum
1379,heret,heret
1380,sinistram,sinistram
1381,montem,montem
1382,hermon,hermon
1383,"appellatur,",appelatur
1384,planicies,planicies
1385,"libani,",libani
1386,pars,pars
1387,traconitidis,traconitidis
1388,regionis.,regionis
1389,sufficiant,sufitiant
1390,secunda.,secunda
1391,quarte,quarte
1392,aquilonaris,aquilonaris
1393,terminatur,terminatur
1394,linea,linea
1395,"orientis,",orientis
1396,incipiendo,incipiendo
1397,occurrit,occurrit
1398,terminum,terminum
1399,casteli,casteli
1400,dicti,dicti
1401,"Iudith,",iudit
1402,regium,regium
1403,leucas.,leucas
1404,"hoc,",hoc
1405,semini,semini
1406,abir,abir
1407,cyneus,cineus
1408,extenderat,extenderat
1409,"thabernaculum,",tabernaculum
1410,uxor,uxor
1411,iahel,iahel
1412,sysaram,sisaram
1413,clavo,clauo
1414,thabernaculi,tabernaculi
1415,defixit.,defixit
1416,sepheth,sepet
1417,munitissimum,munitissimum
1418,soldanus,soldanus
1419,possidet,possidet
1420,illud.,ilud
1421,codes,codes
1422,"neptalim,",neptalim
1423,"barach,",barac
1424,fugitivorum,fugiciuorum
1425,bonis.,bonis
1426,ostenduntur,ostenduntur
1427,sepultra,sepultra
1428,gloriosissima,gloriosissima
1429,antiquorum.,antiquorum
1430,sapheth,sapet
1431,orietem,orietem
1432,intervallo,interualo
1433,pavit,pauit
1434,"hominum,",hominum
1435,fecit,fecit
1436,sermonem,sermonem
1437,"discipulos,",discipulos
1438,descendens,descendens
1439,tetigit,tetigit
1440,leprosum.,leprosum
1441,cedes,cedes
1442,supra.,supra
1443,Transit,transit
1444,Iordanis,iordanis
1445,medium,medium
1446,egrediens,egrediens
1447,ripa,ripa
1448,orientem,orientem
1449,dirigit,dirigit
1450,cursum,cursum
1451,"corrosaim,",corrosaim
1452,galilee.,galilee
1453,Tota,tota
1454,littus,litus
1455,iordanis,iordanis
1456,occidentale,occidentale
1457,occupat,occupat
1458,montes,montes
1459,tyriorum,tiriorum
1460,"acconeum,",acconeum
1461,seperat,seperat
1462,tertia,tertia
1463,divisione,diuisione
1464,kabul.,kabul
1465,Regio,regio
1466,iordanem,iordanem
1467,orientale,orientale
1468,libani,libani
1469,baalgat,baalgat
1470,terminos,terminos
1471,bostron,bostron
1472,occidentem,occidentem
1473,corrozaym,corrosaim
1474,appellatur,appelatur
1475,"traconitidis,",traconitidis
1476,fluvialibus,fluuialibus
1477,careat,careat
1478,indigene,indigene
1479,pluvialibs,pluuialibs
1480,collectis,colectis
1481,cisternis,cisternis
1482,oportunum,oportunum
1483,ducant,ducant
1484,pecora,pecora
1485,alant.,alant
1486,Hec,hec
1487,quarta,quarta
1488,septemtrionali.,septemtrionali
1489,Sequitur,sequitur
1490,orientali.,orientali
1491,"principium,",principium
1492,"aliarum,",aliarum
1493,procedit,procedit
1494,ortum,ortum
1495,solis,solis
1496,equinoxialem,equinoxialem
1497,latus,latus
1498,sephet,sepet
1499,australe,australe
1500,mensa.,mensa
1501,apparuit,apparuit
1502,discipulis,discipulis
1503,piscantibus,piscantibus
1504,resurrectionem,resurrectionem
1505,capharnaum,caparnaum
1506,ascendit,ascendit
1507,seyr,seir
1508,usqe,usqe
1509,(235r),
1510,lacus,lacus
1511,cedar,cedar
1512,septemtrionale,septemtrionale
1513,aran.,aran
1514,litteram,literam
1515,"occidentem,",occidentem
1516,"thobia,",tobia
1517,trans,trans
1518,"gentium,",gencium
1519,Ysaia.,isaia
1520,Per,per
1521,negociatores,negotiatores
1522,aran,aran
1523,seir,seir
1524,bovawini,bouawini
1525,madianite,madianite
1526,merces,merces
1527,ducunt,ducunt
1528,reducunt,reducunt
1529,camelis,camelis
1530,maxime,maxime
1531,habundant,habundant
1532,illis.,ilis
1533,Procedendo,procedendo
1534,primam,primam
1535,divisioem,diuisioem
1536,orietalis,orietalis
1537,casale,casale
1538,quoddam,quoddam
1539,sanctus,sanctus
1540,georius,georius
1541,idem,idem
1542,natus,natus
1543,fuisse.,fuisse
1544,"naason,",naason
1545,legitur,legitur
1546,thobia,tobia
1547,eandem,eandem
1548,dotaym,dotaim
1549,opidum,opidum
1550,betulie,betulie
1551,invenit,inuenit
1552,fratres,fratres
1553,"suos,",suos
1554,elizeus,eliseus
1555,circumdatus,circumdatus
1556,syris,siris
1557,duxit,duxit
1558,samarie.,samarie
1559,naason,naason
1560,"tres,",tres
1561,neptalim,neptalim
1562,tobie,tobie
1563,longe,longe
1564,saphet.,sapet
1565,supra,supra
1566,bethsaida,betsaida
1567,andree,andree
1568,petri,petri
1569,philippi.,pilippi
1570,ii,
1571,meridiem,meridiem
1572,magdalum,magdalum
1573,"galilee,",galilee
1574,maria,maria
1575,magdalena,magdalena
1576,"oriunda,",oriunda
1577,intravi.,intraui
1578,Bethsaida,betsaida
1579,1,
1580,dixit,dixit
1581,pueri,pueri
1582,“numquid,numquid
1583,pulmentarium,pulmentarium
1584,habetis”,habetis
1585,adhunc,adhunc
1586,vestigia,uestigia
1587,lapide,lapide
1588,"ostenduntur,",ostenduntur
1589,medietatem,medietatem
1590,iactus,iactus
1591,viderunt,uiderunt
1592,prunas,prunas
1593,positas,positas
1594,piscem,piscem
1595,superpositum,superpositum
1596,panem,panem
1597,hominum,hominum
1598,"satiavit,",satiauit
1599,"leprosum,",leprosum
1600,sermonem.,sermonem
1601,vilis,uilis
1602,ne,ne
1603,impletum,impletum
1604,verbum,uerbum
1605,“et,et
1606,tu,tu
1607,celeum,celeum
1608,ascenderis,ascenderis
1609,infernum,infernum
1610,demergeris.”,demergeris
1611,ulteriori,ulteriori
1612,littoris,litoris
1613,videntur,uidentur
1614,corrosaym,corrosaim
1615,ascensus,ascensus
1616,ydumeo.,idumeo
1617,sita.,sita
1618,planicie,planicie
1619,protenditur,protenditur
1620,boston,boston
1621,bosra,bosra
1622,edom,edom
1623,possessionem,possessionem
1624,dimidie,dimidie
1625,tribus,tribus
1626,manasse,manasse
1627,possedit,possedit
1628,og,og
1629,basan,basan
1630,ydumea,idumea
1631,desertum,desertum
1632,"rubri,",rubri
1633,genesis,genesis
1634,xiiii,xiiii
1635,codorlaomor,codorlaomor
1636,percusserunt,percusserunt
1637,amorreos,amorreos
1638,habitabant,habitabant
1639,"seyr,",seir
1640,deut.,deut
1641,“transibimus,transibimus
1642,nostrorum,nostrorum
1643,filiorum,filiorum
1644,esau,esau
1645,habitant,habitant
1646,timebunt”,timebunt
1647,cetera.,cetera
1648,sequuntur,sequuntur
1649,ibidem:,ibidem
1650,“In,in
1651,olym,olim
1652,horrei,horrei
1653,expulsis,expulsis
1654,atque,et
1655,deletis,deletis
1656,habitaverunt,habitauerunt
1657,eis.”,eis
1658,"tempore,",tempore
1659,rediit,rediit
1660,mesopotamia,mesopotamia
1661,"syrie,",sirie
1662,unde,unde
1663,illi,ili
1664,vadum,uadum
1665,Iacoth.,iacot
1666,gen.,gen
1667,22,
1668,transivisset,transiuisset
1669,"phanuel,",panaut
1670,sochot,socot
1671,"seir,",seir
1672,alio,alio
1673,30,
1674,"dietas,",dietas
1675,inquit,inquit
1676,ortus,ortus
1677,sol,sol
1678,elevans,eleuans
1679,oculos,oculos
1680,vidit,uidit
1681,venientem,uenientem
1682,c.,c
1683,venire,uenire
1684,(235v),
1685,poterat,poterat
1686,distabat,distabat
1687,est.,est
1688,tribuum,tribuum
1689,montuosa,montuosa
1690,nimis,nimis
1691,alta,alta
1692,"valde,",ualde
1693,incipiunt,incipiunt
1694,surgere,surgere
1695,iste,iste
1696,altior,altior
1697,monte.,monte
1698,Terminatur,terminatur
1699,egreditur,egreditur
1700,bethsan,betsan
1701,gelboe,gelboe
1702,deinceps,deinceps
1703,campestra,campestra
1704,moab,moab
1705,iericho.,ierico
1706,finem,finem
1707,descensum,descensum
1708,moab.,moab
1709,Postea,postea
1710,amon,amon
1711,huic,huic
1712,succedit,succedit
1713,alius,alius
1714,extendrit,extendrit
1715,cades,cades
1716,barne,barne
1717,"pharan,",paran
1718,synai.,sinai
1719,orientalis.Primo,orientalisprimo
1720,Cana,cana
1721,convertit,conuertit
1722,steterunt,steterunt
1723,ydrie,idrie
1724,triclinium,triclinium
1725,mense.,mense
1726,Sunt,sunt
1727,sancte,sancte
1728,aliqua,aliqua
1729,operatus,operatus
1730,descenditur,descenditur
1731,interdum,interdum
1732,multos,multos
1733,gradus,gradus
1734,"annunciacionis,",annuntiationis
1735,nativitatis,naciuitatis
1736,cana,cana
1737,dixi,dixi
1738,terra.,terra
1739,puto,puto
1740,aliam,aliam
1741,causam,causam
1742,frequentes,frequentes
1743,destructiones,destructiones
1744,superius,superius
1745,"complanate,",complanate
1746,Christiani,cristiani
1747,vera,uera
1748,honc,honc
1749,accidit,accidit
1750,investiganda,inuestiganda
1751,nituntur,nituntur
1752,quantum,quantum
1753,possunt.,possunt
1754,tyberiadem,tiberiadem
1755,beelma,beelma
1756,iudith,iudit
1757,holofernes,holofernes
1758,vadens,uadens
1759,exercitu,exercitu
1760,bethuliam,betuliam
1761,eam.,eam
1762,ville,uile
1763,situs,situs
1764,grandem,grandem
1765,fuisse,fuisse
1766,indicant.,indicant
1767,Item,item
1768,eadem,eadem
1769,dothaym,dotaim
1770,bethulie,betulie
1771,occidit,occidit
1772,"olofernem,",olofernem
1773,munitus,munitus
1774,"desertus,",desertus
1775,castrorum,castrorum
1776,olofernis,olofernis
1777,lavit,lauit
1778,gyravit,girauit
1779,redeundo,redeundo
1780,investigavi.,inuestigaui
1781,Mansi,mansi
1782,nocte.,nocte
1783,bethulia,betulia
1784,Tyberias,tiberias
1785,Teneroth,tenerot
1786,aliquando,aliquando
1787,ceneroth,cenerot
1788,herode,herode
1789,detrarcha,detrarca
1790,tyberias,tiberias
1791,appellata.,appelata
1792,balnea,balnea
1793,medicinalia,medicinalia
1794,circuitu,circuitu
1795,modum.De,modumde
1796,canna,canna
1797,sephorum,seporum
1798,narratur,narratur
1799,ioachym,ioacim
1800,beate,beate
1801,virginis,uirginis
1802,oriundus,oriundus
1803,aliquantulum,aliquantulum
1804,declinando,declinando
1805,nazareth,nasaret
1806,"dilecta,",dilecta
1807,flos,flos
1808,florum,florum
1809,radice,radice
1810,yesse,iesse
1811,pullulavit.,pululauit
1812,spacium,spacium
1813,estimare,estimare
1814,sepius,sepius
1815,petransivi.,petransiui
1816,magdeburg,magdeburg
1817,barboy.,barboi
1818,thabor,tabor
1819,transfiguratus,transfiguratus
1820,"dominus,",dominus
1821,trium,trium
1822,thabernaculorum.,tabernaculorum
1823,melchisedeth,melcisedet
1824,abrahe,abrahe
1825,cede,cede
1826,regum,regum
1827,revertenti.,reuertenti
1828,pallaciorum,palatiorum
1829,diversorum,diuersorum
1830,edificiorum,edifitiorum
1831,latitant,latitant
1832,leones,leones
1833,multe,multe
1834,alie,alie
1835,bestie,bestie
1836,regales,regales
1837,venationes,uenationes
1838,bestiis,bestiis
1839,avibus.,auibus
1840,descensu,descensu
1841,“nemini,nemini
1842,dixeritis,dixeritis
1843,visionem.”,uisionem
1844,(236r),
1845,torrens,torrens
1846,barach,barac
1847,sysara.,sisara
1848,hermoniim,hermoniim
1849,ps,ps
1850,ps.,ps
1851,"endor,",endor
1852,instanciam,instantiam
1853,saulis,saulis
1854,phitonissa,pitonissa
1855,samuelem.,samautem
1856,3,
1857,alter,alter
1858,aquilonari,aquilonari
1859,naym,naim
1860,vidue,uidue
1861,extra,extra
1862,portam.,portam
1863,5,
1864,quarte.In,quartein
1865,divisone,diuisone
1866,orientalis,orientalis
1867,carmeli,carmeli
1868,sacerdotes,sacerdotes
1869,torrente,torrente
1870,eiusdem.,eiusdem
1871,intervallum,interualum
1872,leuca,leuca
1873,"cayphe,",caipe
1874,"acconensi,",acconensi
1875,"bonas,",bonas
1876,cahym,cahim
1877,"mons,",mons
1878,lamechs,lamecs
1879,cayn.,cain
1880,8,
1881,magedo,magedo
1882,mortuus,mortuus
1883,ochosias,ocosias
1884,iuda,iuda
1885,iheu,ieu
1886,israhel,israhel
1887,wlneraverat,wlnerauerat
1888,"iezrahel,",iesrahel
1889,yosias,iosias
1890,occisus,occisus
1891,egipti.,egipti
1892,adiacet,adiacet
1893,campus,campus
1894,magnus,magnus
1895,dicebtur.,dicebtur
1896,"esdrelon,",esdrelon
1897,communitur,comunitur
1898,"fabe,",fabe
1899,faba,faba
1900,affech,afec
1901,sagitarum.,sagitarum
1902,rei,rei
1903,veritate,ueritate
1904,cingitur,cingitur
1905,yordane,iordane
1906,effraym,efraim
1907,"samaria,",samaria
1908,occidente,occidente
1909,partim,partim
1910,"effraym,",efraim
1911,"Carmelo,",carmelo
1912,phenicie,penicie
1913,dividunt,diuidunt
1914,"galileam,",galileam
1915,plene,plene
1916,tentonica,tentonica
1917,"amplius,",amplius
1918,modum,modum
1919,vini,uini
1920,frumenti,frumenti
1921,bonorum,bonorum
1922,gignere,gignere
1923,solet,solet
1924,"humus,",humus
1925,"saluberrimo,",saluberrimo
1926,viderim,uiderim
1927,"meliorem,",meliorem
1928,manu,manu
1929,Christianorum.,cristianorum
1930,cayn,cain
1931,mosra,mosra
1932,"cyson,",cison
1933,hermon.,hermon
1934,iezrahel,iesrahel
1935,dextram,dextram
1936,balistarum,balistarum
1937,apech,apec
1938,syri,siri
1939,pugnaverunt,pugnauerunt
1940,"israhel,",israhel
1941,dixerunt,dixerunt
1942,“dii,dii
1943,montium,moncium
1944,dii,dii
1945,eorum,eorum
1946,pugnemus,pugnemus
1947,eis,eis
1948,vallibus”.,ualibus
1949,suna,suna
1950,sunamitis,sunamitis
1951,suscepit,suscepit
1952,"helizeum,",heliseum
1953,"suscitavit,",suscitauit
1954,philistiim,pilistiim
1955,castrametati,castrametati
1956,saul,saul
1957,gelboe.,gelboe
1958,calefecit,calefecit
1959,david.De,dauidde
1960,li,li
1961,ipsum,ipsum
1962,"bethsan,",betsan
1963,philistei,pilistei
1964,suspenderunt,suspenderunt
1965,"scitopolis,",scitopolis
1966,iterum,iterum
1967,bethsam,betsam
1968,apellatur,apelatur
1969,deliciosus,delitiosus
1970,nimis.,nimis
1971,leucis,leucis
1972,yezrahel,iesrahel
1973,transtulerunt,transtulerunt
1974,civitate.,ciuitate
1975,fonte,fonte
1976,regalis,regalis
1977,xx,xx
1978,domos,domos
1979,(236v,u
1980,is,is
1981,"empty,",empti
1982,237r),r
1983,occidentali,occidentali
1984,agrum,agrum
1985,naboth,nabot
1986,yezrahelite.,iesrahelite
1987,"est,",est
1988,australi,australi
1989,duabus,duabus
1990,dispositi,dispositi
1991,"aquilone,",aquilone
1992,"austro,",austro
1993,leucarum,leucarum
1994,lata,lata
1995,"longa,",longa
1996,longitudo,longitudo
1997,latitudo,latitudo
1998,ipsorum,ipsorum
1999,montium.,moncium
2000,planitie,planitie
2001,habiti,habiti
2002,magni,magni
2003,conflictus.,conflictus
2004,Ibi,ibi
2005,gedeon,gedeon
2006,superavit,superauit
2007,madianitas.,madianitas
2008,superatus,superatus
2009,philisteis,pilisteis
2010,alii.,alii
2011,nostris,nostris
2012,diebus,diebus
2013,tartari,tartari
2014,habuerunt,habuerunt
2015,conflictum,conflictum
2016,principium,principium
2017,convallis,conualis
2018,illustris,ilustris
2019,"fertilitatem,",fertilitatem
2020,"supra,",supra
2021,iericho,ierico
2022,mortuum.,mortuum
2023,"gelboe,",gelboe
2024,prospectu,prospectu
2025,residuam,residuam
2026,samariam,samariam
2027,"galaad,",galaad
2028,itur,itur
2029,planam,planam
2030,iordanem.,iordanem
2031,ramoth,ramot
2032,galaad,galaad
2033,“speculator,speculator
2034,ego,ego
2035,globum”.,globum
2036,verum,uerum
2037,ducitur,ducitur
2038,ros,ros
2039,pluvia,pluuia
2040,"descendat,",descendat
2041,"quia,",quia
2042,beati,beati
2043,marthini,martini
2044,essem,essem
2045,valle,uale
2046,"monte,",monte
2047,pluviam,pluuiam
2048,maximam,maximam
2049,aque,aque
2050,descenderunt.,descenderunt
2051,steriles,steriles
2052,aridi,aridi
2053,petrosi,petrosi
2054,israhel.,israhel
2055,ingennium,ingennium
2056,muratum,muratum
2057,collapsum,colapsum
2058,effraym.,efraim
2059,"galilea,",galilea
2060,campestris,campestris
2061,"plana,",plana
2062,samaria,samaria
2063,montuosa.,montuosa
2064,opido,opido
2065,ix,
2066,leuce.,leuce
2067,samarie,samarie
2068,sebaste,sebaste
2069,caput,caput
2070,regni,regni
2071,peccatis,peccatis
2072,exigentibus,exigentibus
2073,uniam,uniam
2074,tantum,tantum
2075,ecclesias.,ecclesias
2076,summitate,sumitate
2077,"montis,",montis
2078,pallacium,palacium
2079,proximo,proximo
2080,decollatus,decolatus
2081,beatus,beatus
2082,iohannes,iohannes
2083,"baptista,",baptista
2084,grecis,grecis
2085,demonstrantibus,demonstrantibus
2086,carcerem,carcerem
2087,dicunt,dicunt
2088,eum,eum
2089,decollatum.,decolatum
2090,tamem,tamem
2091,falsum,falsum
2092,"reputo,",reputo
2093,cronice,cronice
2094,decollatum,decolatum
2095,castello,castelo
2096,macheronta,maceronta
2097,galaad.,galaad
2098,herodes,herodes
2099,collavit,colauit
2100,Iohannem,iohannem
2101,thetracha,tetraca
2102,regionis,regionis
2103,flumen,flumen
2104,gala,gala
2105,"dimidie,",dimidie
2106,potestatis,potestatis
2107,habuit,habuit
2108,iudea,iudea
2109,procuratione,procuratione
2110,pylati.,pilati
2111,Secunda,secunda
2112,ecclesia,ecclesia
2113,honore,honore
2114,sancti,sancti
2115,ioh.,ioh
2116,baptiste,baptiste
2117,heliseum,heliseum
2118,abdyam,abdiam
2119,intravi,intraui
2120,causa.,causa
2121,Tales,tales
2122,ruinas,ruinas
2123,disposita,disposita
2124,velle,aute
2125,magister,magister
2126,historia,historia
2127,“Si,si
2128,sufficiet,suficiet
2129,pulvis,puluis
2130,pugillis,pugilis
2131,populi,populi
2132,me.”,me
2133,Videtur,uidetur
2134,murus,murus
2135,superficies,superficies
2136,equales,equales
2137,(237v,u
2138,238r),r
2139,erat.,erat
2140,firmus,firmus
2141,interius,interius
2142,paulatim,paulatim
2143,altum,altum
2144,surgens,surgens
2145,circumseptus,circumseptus
2146,edificiis,edificiis
2147,botrus,botrus
2148,vue,uue
2149,granis,granis
2150,consitus,consitus
2151,tendens,tendens
2152,in.,in
2153,Regia,regia
2154,pulcra,pulcra
2155,immirabiles,imirabiles
2156,sustentabant,sustentabant
2157,pala,pala
2158,deamblatoria.,deamblatoria
2159,subregia,subregia
2160,mansionibus,mansionibus
2161,militum,militum
2162,forum,forum
2163,rerum,rerum
2164,venalium,uenalium
2165,circuitum,circuitum
2166,circundant,circundant
2167,stantes,stantes
2168,"inde,",inde
2169,continebant,continebant
2170,testudinem,testudinem
2171,platearum.,platearum
2172,Breviter,breuiter
2173,nescio,nestio
2174,possit,possit
2175,dici,dici
2176,tantam,tantam
2177,miseriam,miseriam
2178,devenit,deuenit
2179,nulla,nula
2180,vinea,uinea
2181,"olyvi,",oliui
2182,facere,facere
2183,voluit,uoluit
2184,achab,acab
2185,"suum,",suum
2186,"lsrahelite,",lsrahelite
2187,sancto,sancto
2188,iudicio,iuditio
2189,ita.,ita
2190,urbis,urbis
2191,pulcher,pulcer
2192,prospectus,prospectus
2193,"yoppe,",ioppe
2194,antipatridam,antipatridam
2195,Ramatham,ramatam
2196,"maris,",maris
2197,habundabat,habundabat
2198,omnibs,omnibs
2199,requirit,requirit
2200,tersa,tersa
2201,regnum,regnum
2202,priusquam,priusquam
2203,samaria.,samaria
2204,taphne,tapne
2205,sortis,sortis
2206,manasses,manasses
2207,bethel.,betel
2208,sychem,sicem
2209,"sinistram,",sinistram
2210,duobus,duobus
2211,Ieroboam,ieroboam
2212,filius,filius
2213,nabath,nabat
2214,posuit,posuit
2215,duos,duos
2216,vitulos,uitulos
2217,aureos,aureos
2218,regum.,regum
2219,Inter,inter
2220,istos,istos
2221,Sychem,sicem
2222,neapolis,neapolis
2223,vere,uere
2224,deliciarum,delitiarum
2225,"possit,",possit
2226,ullo,ulo
2227,muniri,muniri
2228,potest,potest
2229,restat,restat
2230,hostibus,hostibus
2231,intrantibus,intrantibus
2232,fugiendo,fugiendo
2233,exeant,exeant
2234,pauciores.,pautiores
2235,Non,non
2236,sitiens,sitiens
2237,fontem.,fontem
2238,fontem,fontem
2239,dexteram,dexteram
2240,garizim,garisim
2241,antiquum,antiquum
2242,phanum,panum
2243,hospitale,hospitale
2244,libro,libro
2245,macha[beorum],macabeorum
2246,inmiisse,inmiisse
2247,dominum,dominum
2248,pares,pares
2249,adoraverunt.,adorauerunt
2250,Ad,ad
2251,fontis,fontis
2252,mansio,mansio
2253,"iacob,",iacob
2254,"predium,",predium
2255,filio,filio
2256,suo.,suo
2257,secus,secus
2258,lempna,lempna
2259,obsidendam,obsidendam
2260,venerat,uenerat
2261,sennacherib,sennacerib
2262,recesserat,recesserat
2263,lachis.,lacis
2264,archiatananoth,arciatananot
2265,tribu,tribu
2266,terminus,terminus
2267,ipsius,ipsius
2268,bennanim,bennanim
2269,gabaa,gabaa
2270,"saulis,",saulis
2271,oppressa,oppressa
2272,levite,leuite
2273,bethlehem,betlehem
2274,iuda.,iuda
2275,i,i
2276,leucam.,leucam
2277,rama,rama
2278,vox,uox
2279,audita,audita
2280,Rama,rama
2281,sinistram.,sinistram
2282,iherusalem.,ierusalem
2283,sichem,sicem
2284,effraymin,efraimin
2285,"phesech,",pesec
2286,doch,doc
2287,ptolomeus,ptolomeus
2288,lagi,lagi
2289,captivum,capciuum
2290,tenuit,tenuit
2291,tandem,tandem
2292,interfecit,interfecit
2293,symonem,simonem
2294,machabeum,macabeum
2295,uxorem,uxorem
2296,phesech,pesec
2297,finis,finis
2298,campestria,campestria
2299,phogoe,pogoe
2300,oppositus,oppositus
2301,"moab,",moab
2302,"phasga,",pasga
2303,nebo,nebo
2304,balach,balac
2305,sephor,sepor
2306,balaam,balaam
2307,beor,beor
2308,(238v),
2309,manentibus,manentibus
2310,decinando,decinando
2311,galgala,galgala
2312,transito,transito
2313,iordane,iordane
2314,"quarentene,",quarentene
2315,circumcisi,circumcisi
2316,pluribus,pluribus
2317,nota.,nota
2318,galgalis,galgalis
2319,quarentene,quarentene
2320,ieiunavit,ieiunauit
2321,"noctibus,",noctibus
2322,temptatus,temptatus
2323,oritur,oritur
2324,effluit,efluit
2325,helizei,helisei
2326,sterili,sterili
2327,fertilem,fertilem
2328,amaro,amaro
2329,potabilem,potabilem
2330,fecit.,fecit
2331,lericho,lerico
2332,"nobilis,",nobilis
2333,humilis,humilis
2334,vestigium,uestigium
2335,civitas.,ciuitas
2336,iohannis,iohannis
2337,creditur,creditur
2338,baptizatus,baptisatus
2339,eniiim,eniiim
2340,salim,salim
2341,bethania,betania
2342,leucis.,leucis
2343,capela,capela
2344,io.,io
2345,mortuum,mortuum
2346,salis,salis
2347,solitudinis,solitudinis
2348,dyaboli,diaboli
2349,salinarum.,salinarum
2350,Istud,istud
2351,arabiam,arabiam
2352,"iudeam,",iudeam
2353,orientali,orientali
2354,inhabitaverunt,inhabitauerunt
2355,"horrei,",horrei
2356,phares,pares
2357,barne.,barne
2358,gregalis,gregalis
2359,bodie,bodie
2360,Kac,kac
2361,petra,petra
2362,deserti,deserti
2363,dicebatur.,dicebatur
2364,cui,cui
2365,sedes,sedes
2366,archiepiscopalis,arciepiscopalis
2367,Rabach,rabac
2368,"ammon,",amon
2369,cepit,cepit
2370,david.,dauid
2371,Sangor,sangor
2372,"dictum,",dictum
2373,"engadi,",engadi
2374,"iericho,",ierico
2375,"balsami,",balsami
2376,"loca,",loca
2377,collis,colis
2378,achile,acile
2379,Ceila,ceila
2380,latuit,latuit
2381,david,dauid
2382,sur,sur
2383,segor,segor
2384,arabie,arabie
2385,statua,statua
2386,versa,uersa
2387,loth.,lot
2388,videndam,uidendam
2389,"anhelabam,",anhelabam
2390,sarraceni,sarraceni
2391,trasiturus,trasiturus
2392,eram,eram
2393,periculosa,periculosa
2394,vermes,uermes
2395,bestias,bestias
2396,alias.,alias
2397,"bendwini,",bendwini
2398,"madyanite,",madianite
2399,excubant,excubant
2400,agentes,agentes
2401,custodias,custodias
2402,camelos,camelos
2403,dromedarios,dromedarios
2404,sua.,sua
2405,homines,homines
2406,silvestres,siluestres
2407,tecto,tecto
2408,divo,diuo
2409,"degentes,",degentes
2410,nulli,nuli
2411,parcunt,parcunt
2412,sexui,sexui
2413,"etati,",etati
2414,latrones,latrones
2415,crudelissimi,crudelissimi
2416,fures,fures
2417,occurrunt,occurrunt
2418,occidunt,occidunt
2419,despoliant.,despoliant
2420,admiraldus,admiraldus
2421,20,
2422,armanti,armanti
2423,transire,transire
2424,illa.,ila
2425,Sepe,sepe
2426,dicebant,dicebant
2427,excrescit,excrescit
2428,operiat,operiat
2429,statuam,statuam
2430,illam,ilam
2431,genua,genua
2432,mare.,mare
2433,retraxerunt,retraxerunt
2434,Mare,mare
2435,istud,istud
2436,latitudine,latitudine
2437,superfumans,superfumans
2438,tenebrosum,tenebrosum
2439,vaporibus,uaporibus
2440,caminus,caminus
2441,inferni.,inferni
2442,nostis,nostis
2443,ideo,ideo
2444,pertraseo.,pertraseo
2445,Minus,minus
2446,scribitur,scribitur
2447,sit.,sit
2448,"certo,",certo
2449,mecum,mecum
2450,secure,secure
2451,possum,possum
2452,"dicere,",dicere
2453,vapore,uapore
2454,maris.,maris
2455,deserto,deserto
2456,"raphne,",rapne
2457,x,x
2458,dietas.,dietas
2459,reddita,reddita
2460,inutilis,inutilis
2461,gramen,gramen
2462,perferat,perferat
2463,(239r),
2464,suam,suam
2465,ubique,ubique
2466,leucarum.,leucarum
2467,palme,palme
2468,comelle,comele
2469,helizei.,helisei
2470,o,o
2471,tremendum,tremendum
2472,certo,certo
2473,iudicium,iudicium
2474,peccatum,peccatum
2475,persequitur,persequitur
2476,sodomorum,sodomorum
2477,"terra,",terra
2478,"dicam,",dicam
2479,penas,penas
2480,luat,luat
2481,incolarum,incolarum
2482,annorum.,annorum
2483,dexteris,dexteris
2484,"nichilominus,",nicilominus
2485,"sinistris,",sinistris
2486,suas,suas
2487,admiscet,admiscet
2488,ipsi,ipsi
2489,absorbetur,absorbetur
2490,illuc,iluc
2491,veniat.,ueniat
2492,inundare,inundare
2493,pluviis,pluuiis
2494,nivibus,niuibus
2495,circumiacentium,circumiacencium
2496,aliarum,aliarum
2497,regionum.De,regionumde
2498,helisei,helisei
2499,tantumdem,tantumdem
2500,"aquilonem,",aquilonem
2501,montanis,montanis
2502,expugnavit,expugnauit
2503,iosue.,iosue
2504,betheI,betei
2505,"benyamyn,",beniamin
2506,iacos,iacos
2507,mesopotamiam,mesopotamiam
2508,dormivit,dormiuit
2509,nudam,nudam
2510,humum,humum
2511,supponens,supponens
2512,capiti,capiti
2513,scalam,scalam
2514,tangentem,tangentem
2515,celos.,celos
2516,Erant,erant
2517,iherusales,ierusales
2518,ymmo,imo
2519,multo,multo
2520,"prius,",prius
2521,gloriosa.,gloriosa
2522,luza,lusa
2523,bethel,betel
2524,palma,palma
2525,delbore,delbore
2526,rama.,rama
2527,palmam,palmam
2528,anatot,anatot
2529,viculus,uiculus
2530,sacerdotum,sacerdotum
2531,benyamyn.,beniamin
2532,Ieremias.,ieremias
2533,Iericho,ierico
2534,adomin,adomin
2535,"casale,",casale
2536,descendit,descendit
2537,incidit,incidit
2538,"latrones,",latrones
2539,moderno,moderno
2540,multis,multis
2541,contigit,contigit
2542,interpretatur[crossed,interpretaturcrossed
2543,out],out
2544,rotinburg,rotinburg
2545,interpretatur,interpretatur
2546,sangwinem,sangwinem
2547,fusum.,fusum
2548,horribilis,horribilis
2549,periculosus.,periculosus
2550,baurim,baurim
2551,casellum,caselum
2552,Semey,semei
2553,maledixit,maledixit
2554,"david,",dauid
2555,"bethania,",betania
2556,marie,marie
2557,"marthe,",marte
2558,eodem,eodem
2559,fed,fed
2560,dimissius,dimissius
2561,situm.,situm
2562,media,media
2563,bethphage,betpage
2564,transit,transit
2565,"oliveti,",oliueti
2566,*,
2567,offensionis,ofensionis
2568,gehennon.,gehennon
2569,declinans,declinans
2570,aliquatulum,aliquatulum
2571,sylo,silo
2572,primitus,primitus
2573,thabnaculum,tabnaculum
2574,fedeis,fedeis
2575,diebus.,diebus
2576,bethoron,betoron
2577,superior,superior
2578,euntibus,euntibus
2579,"iherusalem.Iherusalem,",ierusalemierusalem
2580,"summi,",sumi
2581,domina,domina
2582,"mundi,",mundi
2583,"gloriosa,",gloriosa
2584,"montuosa,",montuosa
2585,"bonam,",bonam
2586,preter,preter
2587,36,
2588,17,
2589,sethim,setim
2590,"13,",
2591,27.,
2592,hee,hee
2593,aquilonem.,aquilonem
2594,yoppe,ioppe
2595,13.,
2596,occidentalis,occidentalis
2597,declinat,declinat
2598,7,
2599,orientalis.,orientalis
2600,bethleem,betleem
2601,"duabus,",duabus
2602,thecua,tecua
2603,"4,",
2604,vi.,
2605,Hee,hee
2606,australes.,australes
2607,Sed,sed
2608,sonant,sonant
2609,credo,credo
2610,quin,quin
2611,quilibet,quilibet
2612,recolat,recolat
2613,devotius,deuocius
2614,[cum,cum
2615,die],die
2616,agens,agens
2617,gratias,gratias
2618,redemptori,redemptori
2619,misericorditer,misericorditer
2620,operatus.,operatus
2621,dupliciter,dupliciter
2622,occidente.,occidente
2623,"syon,",sion
2624,ee,ee
2625,vettice,uetice
2626,extendens,extendens
2627,dependet,dependet
2628,cedron,cedron
2629,iosaphat.,iosapat
2630,"magna,",magna
2631,quidam,quidam
2632,edificatam,edificatam
2633,"passionis,",passionis
2634,argumentantes,argumentantes
2635,intra,intra
2636,menia,menia
2637,Hii,hii
2638,errant,errant
2639,nesciunt,nesciunt
2640,loquantur.,loquantur
2641,Civitas,ciuitas
2642,ampaliata,ampaliata
2643,nichilominus,nicilominus
2644,toto,toto
2645,"edificata,",edificata
2646,pauci,pauci
2647,habitatores,habitatores
2648,tante,tante
2649,capacitate.,capacitate
2650,Ubicumque,ubicumque
2651,sibi,sibi
2652,placuerit,placuerit
2653,eligit,eligit
2654,mansionem,mansionem
2655,vacent.,uacent
2656,"michi,",mici
2657,consenserunt,consenserunt
2658,"fuerunt,",fuerunt
2659,Iherusalem,ierusalem
2660,amplior,amplior
2661,longior,longior
2662,"madeburgum,",madeburgum
2663,includit,includit
2664,circuiens,circuiens
2665,ambrosio,ambrosio
2666,novam,nouam
2667,exclusive.,exclusiue
2668,Dispositionem,dispositionem
2669,antiquam,antiquam
2670,Erat,erat
2671,longus,longus
2672,austri,austri
2673,"protenditur,",protenditur
2674,turris,turris
2675,ibique,ibique
2676,rupes,rupes
2677,prerupta.,prerupta
2678,mello.,melo
2679,quodam,quodam
2680,rupis,rupis
2681,eminenti,eminenti
2682,vorago,uorago
2683,"descendit,",descendit
2684,turrim,turrim
2685,aquilonarem,aquilonarem
2686,gyrans,girans
2687,"eam,",eam
2688,angulo,angulo
2689,cingebat,cingebat
2690,descendebat,descendebat
2691,moria,moria
2692,aquarum.,aquarum
2693,istam,istam
2694,voraginem,uoraginem
2695,separatus.,separatus
2696,Vorago,uorago
2697,repleta,repleta
2698,deprehendit,deprehendit
2699,curiosus,curiosus
2700,indagator.,indagator
2701,voragine,uoragine
2702,edificatus,edificatus
2703,incipiebat,incipiebat
2704,procedebat,procedebat
2705,cigens,cigens
2706,recuruabatur,recuruabatur
2707,benyamyn,beniamin
2708,sterquilinii,sterquilinii
2709,aream,aream
2710,templi,templi
2711,continuabatur,continuabatur
2712,fontis.,fontis
2713,Situs,situs
2714,dispositus,dispositus
2715,elevatus,eleuatus
2716,sunitur,sunitur
2717,"occidentis,",occidentis
2718,orientis,orientis
2719,"demissus,",demissus
2720,sordes,sordes
2721,pluvie,pluuie
2722,descendant,descendant
2723,cedron.,cedron
2724,Mons,mons
2725,quoque,quoque
2726,templum,templum
2727,palacium,palacium
2728,dimissiora,dimissiora
2729,"sterquilinii,",sterquilinii
2730,"antiquo,",antiquo
2731,ositus,ositus
2732,Romanos,romanos
2733,missus,missus
2734,"atriorum,",atriorum
2735,palam,palam
2736,Area,area
2737,quadrata,quadrata
2738,arcus.,arcus
2739,aram,aram
2740,murum,murum
2741,cernuntur,cernuntur
2742,ananeel,ananeel
2743,nebulose,nebulose
2744,ophel,opel
2745,adherens,adherens
2746,porte,porte
2747,vallis.,ualis
2748,probatica,probatica
2749,piscina,piscina
2750,grandis,grandis
2751,sanctior.,sanctior
2752,Hanc,hanc
2753,ezechias,esecias
2754,mon,mon
2755,obturavit,obturauit
2756,superiorem,superiorem
2757,gyon,gion
2758,prius,prius
2759,fluebant,fluebant
2760,piscinam,piscinam
2761,syloe,siloe
2762,avertit,auertit
2763,subter,subter
2764,incidens,incidens
2765,ferro,ferro
2766,[Ecco],ecco
2767,induxit,induxit
2768,piscinan,piscinan
2769,obsidione,obsidione
2770,bibendum,bibendum
2771,poterant,poterant
2772,assirii,assirii
2773,impedire.,impedire
2774,Vallis,ualis
2775,iosaphat,iosapat
2776,(240r)licet,licet
2777,profunda,profunda
2778,impleta,impleta
2779,gloriose,gloriose
2780,superficie,superficie
2781,testitudinata,testitudinata
2782,sepulchro,sepulcro
2783,plana.,plana
2784,edificium,edificium
2785,capelle,capele
2786,intraverit,intrauerit
2787,oportet,oportet
2788,descendere,descendere
2789,sepulchrum.,sepulcrum
2790,capellam,capelam
2791,rupi,rupi
2792,apostoli,apostoli
2793,sompno,sompno
2794,pregravati,pregrauati
2795,sessiones,sessiones
2796,captivitatis,capciuitatis
2797,impression,impression
2798,calvarie,caluarie
2799,liniamenta,liniamenta
2800,verticis,uerticis
2801,capillorum.,capilorum
2802,impressio,impressio
2803,digitorum,digitorum
2804,impressionem,impressionem
2805,fecisse,fecisse
2806,apprehedendo,apprehedendo
2807,caperetur,caperetur
2808,ministris.,ministris
2809,mirum,mirum
2810,malleo,maleo
2811,instrumento,instrumento
2812,deponi,deponi
2813,plane,plane
2814,apparet,apparet
2815,ac,ac
2816,butyreus,butireus
2817,fuisset,fuisset
2818,iste.,iste
2819,ubbi,ubbi
2820,oravit,orauit
2821,sudor,sudor
2822,gutte,gute
2823,sagwinis,sagwinis
2824,decurrebant,decurrebant
2825,similis,similis
2826,impressiones,impressiones
2827,genuum,genuum
2828,similiter,similiter
2829,ingenio.,ingenio
2830,bethaniam,betaniam
2831,piramis,piramis
2832,colliguntur,coliguntur
2833,inferiorem,inferiorem
2834,natatoria,natatoria
2835,appellantur,appelantur
2836,syon.,sion
2837,Accedit,accedit
2838,easdem,easdem
2839,piscinas,piscinas
2840,inferior,inferior
2841,ministrans,ministrans
2842,eas,eas
2843,fullonis,fulonis
2844,pistine,pistine
2845,superioris,superioris
2846,ysa[ia].,isaia
2847,exremum,exremum
2848,piscine,piscine
2849,"austrum,",austrum
2850,"vallem,",ualem
2851,acheldemach,aceldemac
2852,sepultura,sepultura
2853,peregrinorum.,peregrinorum
2854,Infra,infra
2855,acheldemac,aceldemac
2856,superioribus,superioribus
2857,civitatis.,ciuitatis
2858,anathot,anatot
2859,nostre,nostre
2860,auditur,auditur
2861,murmuratio,murmuratio
2862,descendentis,descendentis
2863,tophet,topet
2864,zoeleth,soelet
2865,rogel,rogel
2866,adenias,adenias
2867,ymmolavit,imolauit
2868,victimas,uictimas
2869,"regnare,",regnare
2870,cardin,cardin
2871,amenissimi,amenissimi
2872,illos,ilos
2873,irrigant.,irrigant
2874,nullomodo,nulomodo
2875,homo,homo
2876,peragrandum.Ecclesia,peragrandumecclesia
2877,sepulchri,sepulcri
2878,rotunda,rotunda
2879,golgotana,golgotana
2880,oblonga,oblonga
2881,utraque,utraque
2882,tegitur,tegitur
2883,uno,uno
2884,tecto.,tecto
2885,Spelunca,spelunca
2886,viii,
2887,longitudinis,longitudinis
2888,similiter.,similiter
2889,hostium,hoscium
2890,tantundem,tantundem
2891,stat,stat
2892,monumenti,monumenti
2893,hostio,hostio
2894,advolutus.,aduolutus
2895,Locus,locus
2896,golgata,golgata
2897,120,
2898,pedes.,pedes
2899,inventa,inuenta
2900,crux,crux
2901,pavimento,pauimento
2902,44,
2903,pedibus.,pedibus
2904,Beata,beata
2905,virgo,uirgo
2906,cruce,cruce
2907,fabulantur,fabulantur
2908,faciem,faciem
2909,austrum.,austrum
2910,monstratur,monstratur
2911,fidelibus,fidelibus
2912,veneratur,ueneratur
2913,mulieribus,mulieribus
2914,stetit.,stetit
2915,Ego,ego
2916,noctem,noctem
2917,nona,nona
2918,diei,diei
2919,hora,hora
2920,tertiam,tertiam
2921,sequentis,sequentis
2922,fui,fui
2923,galgata,galgata
2924,recessi,recessi
2925,celeberavi,celeberaui
2926,obtulit,obtulit
2927,sacrificium,sacrificium
2928,missas,missas
2929,legi,legi
2930,passionem,passionem
2931,iohannem,iohannem
2932,passio,passio
2933,celebrate.,celebrate
2934,arabia,arabia
2935,ammon,amon
2936,phorgor,porgor
2937,nobo,nobo
2938,(240v),
2939,pasca,pasca
2940,deserti.,deserti
2941,[n],
2942,insuper,insuper
2943,palatim,palatim
2944,oliveti.,oliueti
2945,diligentius,diligencius
2946,considerabam,considerabam
2947,****,
2948,sancte.,sancte
2949,emaus,emaus
2950,agnitus,agnitus
2951,fractione,fractione
2952,panis.,panis
2953,Ierusalem,ierusalem
2954,gabaon,gabaon
2955,Iosue,iosue
2956,regibus.,regibus
2957,cariathiarim,cariatiarim
2958,fuerunt,fuerunt
2959,ambe,ambe
2960,urbes,urbes
2961,gabaonitarum.,gabaonitarum
2962,bethsames,betsames
2963,reducta,reducta
2964,ackaron,ackaron
2965,occidentem.,occidentem
2966,Ramata,ramata
2967,samuel,samaut
2968,armathia,armatia
2969,decurio,decurio
2970,ioppe,ioppe
2971,ionas,ionas
2972,fugit,fugit
2973,tharsis.,tarsis
2974,scopuli,scopuli
2975,andromoda,andromoda
2976,fabulas,fabulas
2977,religata.,religata
2978,sinistra,sinistra
2979,vie,uie
2980,Primo,primo
2981,rachelis,racelis
2982,venientis,uenientis
2983,bethlehem.,betlehem
2984,Bethle,betle
2985,hem,hem
2986,arcuum,arcuum
2987,gregis,gregis
2988,angeli,angeli
2989,apparuerunt,apparuerunt
2990,pastoribus.,pastoribus
2991,Bethlehem,betlehem
2992,longo,longo
2993,arto,arto
2994,extendente,extendente
2995,quadam,quadam
2996,illuxit,iluxit
2997,nobis,nobis
2998,oriens,oriens
2999,iustitie,iustitie
3000,deus,deus
3001,noster.,noster
3002,iiii,
3003,capacior,capatior
3004,iumentorum,iumentorum
3005,puer,puer
3006,reclinatus.,reclinatus
3007,audivi,audiui
3008,aliquem,aliquem
3009,dixerit,dixerit
3010,ecclesiam,ecclesiam
3011,orbe,orbe
3012,terrarum,terrarum
3013,devotam,deuotam
3014,bethlehemiticanam.,betlehemiticanam
3015,nobilissime,nobilissime
3016,pulcertudine,pulcertudine
3017,multitudine,multitudine
3018,stupende.,stupende
3019,navis,nauis
3020,columpnis,columpnis
3021,musivo,musiuo
3022,nobilissimo,nobilissimo
3023,pulcherrimo.,pulcerrimo
3024,pavimentum,pauimentum
3025,stratum,stratum
3026,marmore,marmore
3027,colorum,colorum
3028,generum.,generum
3029,parietes,parietes
3030,tecti,tecti
3031,tabulis,tabulis
3032,marmoreis,marmoreis
3033,quarum,quarum
3034,precium,precium
3035,***,
3036,opinionem,opinionem
3037,meam,meam
3038,estimari.,estimari
3039,Incredibilia,incredibilia
3040,scribi,scribi
3041,ista.,ista
3042,Capella,capela
3043,strata,strata
3044,marmore.,marmore
3045,Sarraceni,sarraceni
3046,habent,habent
3047,pre,pre
3048,ceteris,ceteris
3049,ecclesiis,ecclesiis
3050,virginis.,uirginis
3051,ecclesias,ecclesias
3052,venerantur.,uenerantur
3053,Vidi,uidi
3054,signum,signum
3055,mirabile,mirabile
3056,memorie,memorie
3057,merito,merito
3058,laudem,laudem
3059,commendandum.,comendandum
3060,Soldanus,soldanus
3061,ornatum,ornatum
3062,tabulas,tabulas
3063,parietum,parietum
3064,preciosas,pretiosas
3065,mandavit,mandauit
3066,duci,duci
3067,egiptum,egiptum
3068,babylonia,babilonia
3069,decoraret.,decoraret
3070,Mira,mira
3071,res!,res
3072,artificibus,artificibus
3073,instrumentis,instrumentis
3074,accedentibus,accedentibus
3075,soldano,soldano
3076,astante,astante
3077,vidente,uidente
3078,sano,sano
3079,integro,integro
3080,"pariete,",pariete
3081,acus,acus
3082,videbatur,uidebatur
3083,posse,posse
3084,"penetrare,",penetrare
3085,serpens,serpens
3086,inmanis,inmanis
3087,exivit,exiuit
3088,prime,prime
3089,tabule,tabule
3090,morsum,morsum
3091,"dedit,",dedit
3092,tabula,tabula
3093,transversum,transuersum
3094,confracta,confracta
3095,secundam,secundam
3096,"adiit,",adiit
3097,"terciam,",tertiam
3098,72,
3099,pedum,pedum
3100,decimam,decimam
3101,octavam,octauam
3102,tabulam,tabulam
3103,(241r).,
3104,stupentibus,stupentibus
3105,aderant,aderant
3106,territo,territo
3107,[eet],eet
3108,animum,animum
3109,quamtocius,quamtocius
3110,timore,timore
3111,"revocante,",reuocante
3112,"serpens,",serpens
3113,videntibus,uidentibus
3114,"omnibus,",omnibus
3115,disparuit.,disparuit
3116,remansit,remansit
3117,manet,manet
3118,prius.,prius
3119,Tabulas,tabulas
3120,ipsas,ipsas
3121,numeravi,numeraui
3122,78,
3123,divisas.,diuisas
3124,tractus,tractus
3125,serpentis,serpentis
3126,apparent,apparent
3127,notabiliter,notabiliter
3128,cobustio,cobustio
3129,igne,igne
3130,procedere,procedere
3131,pariete,pariete
3132,planissimus,planissimus
3133,politissimus,politissimus
3134,vitrum.,uitrum
3135,cellam,celam
3136,"ieronimi,",ieronimi
3137,lectum,lectum
3138,"sepulcrum,",sepulcrum
3139,claustrum,claustrum
3140,"monachorum,",monacorum
3141,interfectionis,interfectionis
3142,"innocentum,",innocentum
3143,paule,paule
3144,"eustochium,",eustocium
3145,cisternam,cisternam
3146,"stella,",stela
3147,dux,dux
3148,"magorum,",magorum
3149,cecidisse.,cecidisse
3150,bethlesem,betlesem
3151,engadi,engadi
3152,"tutissima,",tutissima
3153,latibula,latibula
3154,balsami.,balsami
3155,ceyla,ceila
3156,conservavit,conseruauit
3157,philisteis.,pilisteis
3158,ziph,sip
3159,traditores,traditores
3160,maon,maon
3161,habitabat,habitabat
3162,nabal,nabal
3163,carmelus.,carmelus
3164,"tecua,",tecua
3165,dormit,dormit
3166,amos,amos
3167,tecue.,tecue
3168,morati,morati
3169,annis.,annis
3170,bechgar,becgar
3171,sociis,sociis
3172,seis,seis
3173,or,or
3174,latibuorum,latibuorum
3175,occidenti,occidenti
3176,"ramatha,",ramata
3177,philistinorum,pilistinorum
3178,ultimam,ultimam
3179,gazaram,gasaram
3180,blansthe,blanste
3181,gardam,gardam
3182,site,site
3183,bethgar,betgar
3184,"ebron,",ebron
3185,antiquissima,antiquissima
3186,primus,primus
3187,conditus,conditus
3188,coniuge,coniuge
3189,"sua,",sua
3190,patriarche,patriarce
3191,coniugibus,coniugibus
3192,suis.,suis
3193,Apud,apud
3194,fui.,fui
3195,Ager,ager
3196,damascenus,damascenus
3197,spelunca,spelunca
3198,duplici,duplici
3199,"arcus,",arcus
3200,formatus,formatus
3201,adam,adam
3202,rubra,rubra
3203,tuli,tuli
3204,multi,multi
3205,"faciunt,",faciunt
3206,fossio,fossio
3207,isto.,isto
3208,eva,eua
3209,interfecto,interfecto
3210,abel,abel
3211,vixerunt,uixerunt
3212,sagite,sagite
3213,dirutus,dirutus
3214,eversus,euersus
3215,speluncam,speluncam
3216,duplicem,duplicem
3217,sedes.,sedes
3218,illum,ilum
3219,venerantur,uenerantur
3220,celo.,celo
3221,convalle,conuale
3222,mambre,mambre
3223,terebintus,terebintus
3224,comedit,comedit
3225,abrabam,abrabam
3226,ministrante.,ministrante
3227,therebintus,terebintus
3228,vetustate,uetustate
3229,consumpta,consumpta
3230,radicibus,radicibus
3231,nata,nata
3232,fructu,fructu
3233,ligno,ligno
3234,quercus,quercus
3235,"opinantur,",opinantur
3236,folia,folia
3237,"lentiscus,",lentiscus
3238,fructum,fructum
3239,quercus.,quercus
3240,"zacharie,",sacarie
3241,beata,beata
3242,salutavit,salutauit
3243,Elizabeth.,elisabet
3244,eleccos,eleccos
3245,i[d,id
3246,est],est
3247,"botri,",botri
3248,tulerunt,tulerunt
3249,exploratores,exploratores
3250,palmitem,palmitem
3251,uva,uua
3252,rivus,riuus
3253,eunuchum,eunucum
3254,ethiopem,etiopem
3255,baptizavit,baptisauit
3256,philippus.,pilippus
3257,dabir,dabir
3258,"kariathsepher,",kariatseper
3259,urbs,urbs
3260,"literarum,",literarum
3261,cenez,cenes
3262,caleph,calep
3263,axam,axam
3264,uxorem.,uxorem
3265,divisionis,diuisionis
3266,sufficient.,suficient
3267,australis.,australis
3268,(241v),
3269,influit,influit
3270,cyson.,cison
3271,accipitur,accipitur
3272,accipi,accipi
3273,"potest,",potest
3274,currit.,currit
3275,currit,currit
3276,bethsan.,betsan
3277,magnam,magnam
3278,"carmelum,",carmelum
3279,contingit,contingit
3280,distent,distent
3281,abinvicem,abinuicem
3282,"leucam,",leucam
3283,transeunt,transeunt
3284,mutuo,mutuo
3285,quemdam,quemdam
3286,tumorem,tumorem
3287,constituunt.,constituunt
3288,tumor,tumor
3289,maior,maior
3290,hermonium,hermonium
3291,endor,endor
3292,impedit,impedit
3293,descendentes,descendentes
3294,utroque,utroque
3295,possunt,possunt
3296,sysara,sisara
3297,altera,altera
3298,baal.,baal
3299,"peregrinorum,",peregrinorum
3300,elye,elie
3301,mediam,mediam
3302,Isud,isud
3303,peregrinorum,peregrinorum
3304,militie,militie
3305,umquam,umquam
3306,locum.,locum
3307,Cesarea,cesarea
3308,"palestine,",palestine
3309,"magno,",magno
3310,palude,palude
3311,aquosa,aquosa
3312,"cocodrillorum,",cocodrilorum
3313,nesciebam,nesciebam
3314,essem.,essem
3315,antitrapada,antitrapada
3316,dora,dora
3317,"dicebatur,",dicebatur
3318,arsur,arsur
3319,sacti,sacti
3320,"Iohannis,",iohannis
3321,"habeant,",habeant
3322,solvunt,soluunt
3323,annis,annis
3324,heredibus,heredibus
3325,eternum.,eternum
3326,portus,portus
3327,iudee.,iudee
3328,navim,nauim
3329,fugeret.,fugeret
3330,geth,get
3331,modica.,modica
3332,"bethsames,",betsames
3333,testamenti,testamenti
3334,reversa,reuersa
3335,ackaron.,ackaron
3336,azotum,asotum
3337,azato,asato
3338,"ascalona,",ascalona
3339,philistinorum.,pilistinorum
3340,gazam,gasam
3341,gazaris,gasaris
3342,nominata,nominata
3343,gaza,gasa
3344,giblin,giblin
3345,dietam,dietam
3346,gaza.,gasa
3347,Notandum,notandum
3348,occidentis,occidentis
3349,aquilonis.,aquilonis
3350,eidem,eidem
3351,imminebat.,iminebat
3352,piscium,piscium
3353,veniebant,ueniebant
3354,egipto,egipto
3355,ethiopia,etiopia
3356,maritima,maritima
3357,diversas,diuersas
3358,adducentes.,adducentes
3359,divisa.,diuisa
3360,agro,agro
3361,divisa,diuisa
3362,ducebat,ducebat
3363,reliquam,reliquam
3364,raphaym,rapaim
3365,bethsura,betsura
3366,stadiis,stadiis
3367,dividebatur,diuidebatur
3368,"duas,",duas
3369,"meridianum,",meridianum
3370,dextra,dextra
3371,loca.,loca
3372,antiquo,antiquo
3373,coniungtur,coniungtur
3374,apposita,apposita
3375,(242r),
3376,includendum.Secunda,includendumsecunda
3377,vetus,uetus
3378,veteri,ueteri
3379,manserat,manserat
3380,iebuseorum.,iebuseorum
3381,Dicta,dicta
3382,iudiciaria,iuditiaria
3383,iudicia,iuditia
3384,exercebantur,exercebantur
3385,iudicata,iudicata
3386,fuissent,fuissent
3387,sententiam,sententiam
3388,executioni,executioni
3389,mandabantur.,mandabantur
3390,cruicifixus.,cruicifixus
3391,pylatus,pilatus
3392,tribunali,tribunali
3393,manifesta.,manifesta
3394,novo,nouo
3395,durat,durat
3396,silo,silo
3397,lachis,lacis
3398,caiathiarim,caiatiarim
3399,galileam.,galileam
3400,Tercia,tertia
3401,superiori,superiori
3402,aqilonem.,aqilonem
3403,concurrebat,concurrebat
3404,muriis,muriis
3405,noviis,nouiis
3406,turre,turre
3407,factus,factus
3408,includendum,includendum
3409,veteri.,ueteri
3410,stephani.,stepani
3411,Quarta,quarta
3412,"cedron,",cedron
3413,ioas,ioas
3414,interrupit,interrupit
3415,quadringentis,quadringentis
3416,cubitis.,cubitis
3417,Benyamyn,beniamin
3418,ceteras,ceteras
3419,ducebat.Quinta,ducebatquinta
3420,descendebant,descendebant
3421,pellebantur.,pelebantur
3422,quarentene.Sexta,quarentenesexta
3423,valem,ualem
3424,inducebantur,inducebantur
3425,greges,greges
3426,ymmolandi,imolandi
3427,coniungebatur.,coniungebatur
3428,Huic,huic
3429,adheret,adheret
3430,hostie,hostie
3431,lavabantur.,lauabantur
3432,annaneel,annaneel
3433,nebulosa,nebulosa
3434,edificabitur,edificabitur
3435,instauravit,instaurauit
3436,anthoniam,antoniam
3437,honorem,honorem
3438,anthonii.,antonii
3439,iordanem.Septima,iordanemseptima
3440,aurea.,aurea
3441,"australis,",australis
3442,immedietate,imedietate
3443,compendium,compendium
3444,speciosa.,spetiosa
3445,octava,octaua
3446,importabantur,importabantur
3447,natatoriis,natatoriis
3448,syloe.,siloe
3449,conveniunt,conueniunt
3450,"duorum,",duorum
3451,cingit,cingit
3452,regis.,regis
3453,"syloe,",siloe
3454,emon,emon
3455,acheldemach.,aceldemac
3456,fuerint,fuerint
3457,"neccessarie,",neccessarie
3458,forte,forte
3459,alique,alique
3460,istis,istis
3461,nominibus,nominibus
3462,appellari.,appelari
3463,respiciens,respiciens
3464,monti,monti
3465,cingebatur,cingebatur
3466,impedivit.Terra,impediuiterra
3467,posita,posita
3468,maiore,maiore
3469,uber,uber
3470,Cui,cui
3471,occi,occi
3472,dentali,dentali
3473,merdie,merdie
3474,egiptus,egiptus
3475,septemtrione,septemtrione
3476,syria,siria
3477,cyprum,ciprum
3478,antiquis,antiquis
3479,temporibus,temporibus
3480,patria,patria
3481,nacionum,nationum
3482,deum,deum
3483,colendi,colendi
3484,[bus],bus
3485,convenerunt,conuenerunt
3486,Sicut,sicut
3487,actibus,actibus
3488,apostulorum,apostulorum
3489,mis,mis
3490,sione,sione
3491,spiritus,spiritus
3492,parti,parti
3493,medi,medi
3494,scribam,scribam
3495,plura,plura
3496,[habet],habet
3497,cura,cura
3498,ff[initu]m,finitum
3499,anno,anno
3500,1407,
3501,crasino,crasino
3502,francisci,francisci
3503,[confratris?],confratris
3504,triarum,triarum
3505,corrige,corrige
3506,lector,lector
