original_word,variants,variants_count
sancta,"[('sanctam', 1), ('sancte', 1), ('sancti', 1), ('sancto', 1)]",4
extendat,"[('extendit', 1)]",1
penicis,"[('penicie', 1)]",1
causam,"[('causa', 1)]",1
corporeis,"[('corporis', 1)]",1
alias,"[('aliis', 1), ('elias', 1), ('alius', 1), ('alia', 1), ('aliam', 1)]",5
botrus,"[('botrum', 1)]",1
capelam,"[('capela', 1)]",1
aliqua,"[('alique', 1)]",1
beritus,"[('beritum', 1)]",1
latuit,"[('lauit', 1)]",1
cardini,"[('cardins', 1), ('cardin', 1)]",2
sumi,"[('sui', 1)]",1
diuo,"[('duo', 1)]",1
australi,"[('australis', 1), ('australe', 1)]",2
iesu,"[('iesum', 1), ('iesus', 1), ('ieu', 1)]",3
fluuius,"[('fluuium', 1)]",1
tres,"[('res', 1)]",1
oculis,"[('oculos', 1)]",1
sisaram,"[('sisara', 1)]",1
iudea,"[('iudee', 1), ('iudei', 1), ('iudeam', 1), ('iuda', 1)]",4
apparent,"[('apparet', 1)]",1
alio,"[('alie', 1), ('alia', 1), ('alto', 1), ('alii', 1)]",4
bestias,"[('bestiis', 1)]",1
fortes,"[('forte', 1), ('fortis', 1), ('fontes', 1)]",3
declinando,"[('decinando', 1)]",1
scire,"[('sciret', 1)]",1
cristiani,"[('cristianis', 1)]",1
aqilonem,"[('aquilonem', 1)]",1
turres,"[('turris', 1), ('turre', 1)]",2
historias,"[('historia', 1)]",1
nota,"[('nona', 1), ('nata', 1), ('tota', 1)]",3
prius,"[('primus', 1)]",1
galgala,"[('galgata', 1)]",1
lector,"[('lectori', 1)]",1
aquilonem,"[('aqilonem', 1), ('aquilone', 1)]",2
debetis,"[('deletis', 1)]",1
primus,"[('prius', 1)]",1
comrehendi,"[('comprehendi', 1)]",1
eius,"[('eis', 1)]",1
sanctam,"[('sancta', 1)]",1
pistine,"[('piscine', 1)]",1
castelo,"[('casteli', 1)]",1
unam,"[('uiam', 1), ('unum', 1), ('una', 1), ('uniam', 1)]",4
possit,"[('possint', 1), ('posset', 1), ('posuit', 1)]",3
tribu,"[('tribus', 1), ('tribui', 1)]",2
intra,"[('infra', 1), ('intrat', 1)]",2
mari,"[('maris', 1), ('dari', 1), ('maria', 1), ('marie', 1), ('muri', 1), ('mare', 1)]",6
ierico,"[('lerico', 1)]",1
longe,"[('longo', 1), ('longa', 1)]",2
discipulis,"[('discipulos', 1)]",1
inuenio,"[('inuenit', 1), ('ingenio', 1)]",2
magni,"[('magna', 1), ('magno', 1), ('magne', 1)]",3
nona,"[('nota', 1), ('bona', 1), ('non', 1)]",3
secunda,"[('secundam', 1)]",1
regis,"[('regia', 1), ('reges', 1), ('regio', 1), ('gregis', 1), ('regie', 1)]",5
comunitur,"[('comuniter', 1)]",1
ipsas,"[('ipsam', 1), ('ipsa', 1), ('ipsis', 1)]",3
finem,"[('fine', 1)]",1
ilam,"[('ila', 1), ('iam', 1), ('ilum', 1)]",3
abir,"[('dabir', 1)]",1
celos,"[('celo', 1)]",1
celeum,"[('celum', 1)]",1
nobilissima,"[('nobilissimo', 1), ('nobilissime', 1)]",2
mesopotamia,"[('mesopotamiam', 1)]",1
dicebtur,"[('dicetur', 1), ('dicebatur', 1)]",2
dicitur,"[('ducitur', 1), ('dicatur', 1), ('dicetur', 1)]",3
milicie,"[('militie', 1)]",1
septemtrionali,"[('septemtrionale', 1)]",1
certo,"[('certe', 1)]",1
dominum,"[('dominus', 1), ('hominum', 1)]",2
iesum,"[('iesu', 1), ('iesus', 1), ('ipsum', 1)]",3
australis,"[('australi', 1), ('australes', 1)]",2
fontibus,"[('montibus', 1)]",1
cardins,"[('cardini', 1), ('cardin', 1)]",2
sione,"[('sidone', 1), ('sion', 1)]",2
nula,"[('nuli', 1), ('nulo', 1)]",2
pedum,"[('pedem', 1)]",1
betuliam,"[('betulia', 1)]",1
uinee,"[('uinea', 1)]",1
terra,"[('tersa', 1), ('terre', 1), ('terram', 1)]",3
elegi,"[('legi', 1)]",1
cesaree,"[('cesarem', 1), ('cesarea', 1)]",2
utroque,"[('utraque', 1)]",1
laoditia,"[('laoditiam', 1)]",1
passionem,"[('passione', 1)]",1
sidone,"[('sione', 1), ('sidon', 1), ('sindone', 1), ('sidonem', 1)]",4
occidentis,"[('occidenti', 1)]",1
gradus,"[('gradu', 1)]",1
sinistram,"[('sinistra', 1)]",1
pilisteis,"[('pilistei', 1)]",1
flos,"[('ilos', 1)]",1
occidit,"[('accidit', 1)]",1
occurit,"[('occurrit', 1)]",1
occidentale,"[('occidentali', 1)]",1
duorum,"[('duarum', 1), ('quorum', 1)]",2
unius,"[('unus', 1)]",1
grecis,"[('gregis', 1)]",1
omnia,"[('omni', 1), ('omnis', 1)]",2
esse,"[('essem', 1), ('esset', 1), ('iesse', 1)]",3
tribus,"[('tribu', 1), ('tribui', 1)]",2
tertiam,"[('tertia', 1)]",1
dulcius,"[('dulcis', 1)]",1
militie,"[('milicie', 1), ('militia', 1)]",2
filii,"[('filio', 1), ('filiis', 1)]",2
rant,"[('erant', 1)]",1
bosra,"[('mosra', 1)]",1
ducitur,"[('dicitur', 1)]",1
possent,"[('possint', 1), ('possunt', 1), ('posset', 1)]",3
loco,"[('loca', 1)]",1
nobilis,"[('nobiles', 1)]",1
litus,"[('situs', 1), ('latus', 1)]",2
gion,"[('sion', 1)]",1
campum,"[('campus', 1)]",1
muniti,"[('munita', 1), ('muniri', 1)]",2
duarum,"[('duorum', 1), ('quarum', 1)]",2
superficies,"[('superficie', 1)]",1
ionas,"[('ioas', 1), ('bonas', 1)]",2
possint,"[('possit', 1), ('possent', 1), ('possunt', 1)]",3
ante,"[('aute', 1), ('tante', 1)]",2
decendit,"[('descendit', 1)]",1
faba,"[('fabe', 1)]",1
arena,"[('amena', 1), ('armena', 1), ('area', 1)]",3
segor,"[('sepor', 1)]",1
sarracenis,"[('sarraceni', 1), ('sarracenos', 1)]",2
cesarem,"[('cesaree', 1), ('cesaream', 1), ('cesarea', 1)]",3
aquam,"[('quam', 1), ('aqua', 1), ('aquas', 1)]",3
leuca,"[('leucas', 1), ('leuce', 1), ('leucam', 1), ('leuci', 1)]",4
suum,"[('suam', 1)]",1
domum,"[('domus', 1)]",1
siria,"[('siri', 1), ('siris', 1), ('sirie', 1)]",3
arca,"[('area', 1)]",1
distinctione,"[('distinctionem', 1)]",1
mesopotamiam,"[('mesopotamia', 1)]",1
tabernaculi,"[('tabernacula', 1)]",1
regnum,"[('regum', 1), ('regium', 1)]",2
golgata,"[('galgata', 1)]",1
sufitiant,"[('sufitiat', 1)]",1
factum,"[('iactum', 1), ('factus', 1), ('factam', 1)]",3
uiam,"[('unam', 1), ('iam', 1), ('uia', 1), ('uniam', 1)]",4
antiociam,"[('antiocia', 1)]",1
ruinas,"[('ruinis', 1), ('ruina', 1)]",2
arcus,"[('arcis', 1), ('acus', 1)]",2
posui,"[('potui', 1), ('posuit', 1)]",2
tetrarca,"[('tetraca', 1), ('detrarca', 1)]",2
betlehem,"[('betlesem', 1), ('betleem', 1)]",2
filiam,"[('filium', 1)]",1
parum,"[('rarum', 1), ('panum', 1)]",2
omne,"[('omni', 1), ('omnes', 1), ('omnem', 1)]",3
haberet,"[('habere', 1)]",1
unus,"[('unius', 1), ('unum', 1)]",2
umquam,"[('numquam', 1)]",1
media,"[('menia', 1), ('medio', 1), ('mediam', 1), ('medi', 1)]",4
maris,"[('mari', 1), ('muris', 1), ('maria', 1), ('marie', 1), ('magis', 1)]",5
circuitu,"[('circuitum', 1), ('circuitus', 1)]",2
herodes,"[('herode', 1)]",1
spiritu,"[('spiritus', 1)]",1
ecclesias,"[('ecclesia', 1), ('ecclesiis', 1), ('ecclesiam', 1)]",3
omnibus,"[('omnibs', 1)]",1
tapne,"[('rapne', 1)]",1
carmeli,"[('carmelo', 1)]",1
modicum,"[('modicam', 1), ('modicus', 1)]",2
uobis,"[('urbis', 1), ('nobis', 1)]",2
distent,"[('distant', 1)]",1
urbe,"[('urbs', 1), ('urbes', 1), ('orbe', 1)]",3
orientale,"[('orientalem', 1), ('orientali', 1)]",2
afec,"[('apec', 1)]",1
quartam,"[('quarta', 1)]",1
fine,"[('finem', 1)]",1
secundum,"[('secundam', 1)]",1
diuisione,"[('diuisone', 1)]",1
caiatiarim,"[('cariatiarim', 1)]",1
tempora,"[('tempore', 1)]",1
regia,"[('regis', 1), ('regio', 1), ('regie', 1)]",3
consitus,"[('conditus', 1)]",1
deficit,"[('defixit', 1)]",1
rabot,"[('nabot', 1), ('ramot', 1)]",2
pala,"[('palma', 1), ('gala', 1), ('palam', 1)]",3
quam,"[('aquam', 1), ('quem', 1), ('quas', 1), ('qua', 1), ('suam', 1)]",5
naim,"[('nauim', 1)]",1
partem,"[('partes', 1), ('parte', 1), ('partim', 1)]",3
uila,"[('ila', 1), ('uia', 1), ('uile', 1)]",3
duos,"[('duas', 1), ('uos', 1), ('duo', 1), ('suos', 1), ('quos', 1)]",5
omnibs,"[('omnibus', 1), ('omnis', 1)]",2
ramata,"[('ramatam', 1)]",1
iordane,"[('iordanem', 1)]",1
rocolo,"[('recolo', 1)]",1
ualde,"[('uale', 1)]",1
piscina,"[('piscinan', 1), ('piscinam', 1), ('piscine', 1), ('piscinas', 1)]",4
suficient,"[('suficiet', 1)]",1
metropolim,"[('metropolis', 1)]",1
iactum,"[('factum', 1), ('iactus', 1)]",2
prospectus,"[('prospectu', 1)]",1
aliud,"[('alius', 1)]",1
ecco,"[('ecce', 1)]",1
rapne,"[('tapne', 1)]",1
uerbum,"[('uerum', 1)]",1
istos,"[('istis', 1), ('isto', 1)]",2
tate,"[('tante', 1)]",1
caluarie,"[('caluaria', 1)]",1
duas,"[('duos', 1), ('quas', 1), ('suas', 1)]",3
pasta,"[('pasca', 1), ('pasga', 1)]",2
latitant,"[('latitat', 1)]",1
filium,"[('filiam', 1), ('filius', 1)]",2
uadens,"[('uidens', 1)]",1
totus,"[('totis', 1), ('totum', 1)]",2
aquis,"[('quis', 1), ('aquas', 1)]",2
sepulcro,"[('sepulcri', 1)]",1
nebo,"[('nobo', 1)]",1
ubbi,"[('ubi', 1)]",1
domos,"[('domus', 1)]",1
sarraceni,"[('sarracenis', 1)]",1
piscinan,"[('piscina', 1), ('piscinam', 1), ('piscinas', 1)]",3
alique,"[('aliqua', 1), ('aliquem', 1)]",2
honore,"[('honorem', 1)]",1
nobilissimo,"[('nobilissima', 1), ('nobilissime', 1)]",2
tetraca,"[('tetrarca', 1)]",1
partes,"[('partem', 1), ('parte', 1), ('pares', 1)]",3
reges,"[('regis', 1), ('regem', 1), ('rege', 1), ('greges', 1)]",4
fortissimis,"[('fortisimis', 1), ('fortissimas', 1)]",2
menia,"[('media', 1), ('mensa', 1)]",2
maxima,"[('maxime', 1), ('maximam', 1)]",2
modum,"[('rodum', 1)]",1
meum,"[('meam', 1), ('eum', 1), ('deum', 1), ('mecum', 1)]",4
palmam,"[('palma', 1), ('palam', 1)]",2
eidem,"[('eodem', 1), ('eadem', 1), ('idem', 1)]",3
orientalis,"[('orietalis', 1), ('orientali', 1)]",2
esti,"[('est', 1), ('isti', 1)]",2
deuotionem,"[('deuotione', 1)]",1
saltem,"[('salutem', 1)]",1
petra,"[('petri', 1), ('petram', 1)]",2
quia,"[('quis', 1), ('quin', 1), ('uia', 1), ('qui', 1), ('quid', 1), ('qua', 1)]",6
herode,"[('herodes', 1)]",1
uidi,"[('uiui', 1), ('uini', 1), ('uidit', 1)]",3
habeant,"[('habent', 1)]",1
propetam,"[('propeta', 1), ('propetas', 1)]",2
uerbo,"[('uero', 1)]",1
dedit,"[('sedit', 1)]",1
aliarum,"[('aliorum', 1)]",1
posita,"[('positas', 1)]",1
aquarum,"[('quarum', 1)]",1
omni,"[('omnia', 1), ('omne', 1), ('omnis', 1)]",3
sepe,"[('sepet', 1)]",1
eseciel,"[('eseciele', 1)]",1
passione,"[('passionem', 1)]",1
ramatam,"[('ramata', 1)]",1
ciuitatis,"[('ciuitates', 1)]",1
sinistra,"[('sinistram', 1)]",1
forum,"[('horum', 1), ('florum', 1), ('eorum', 1)]",3
plagas,"[('plagam', 1)]",1
piscinam,"[('piscina', 1), ('piscinan', 1), ('piscinas', 1)]",3
filio,"[('filii', 1)]",1
aquilone,"[('aquilonem', 1)]",1
autem,"[('aute', 1)]",1
patri,"[('patria', 1), ('petri', 1), ('patris', 1)]",3
niues,"[('ciues', 1)]",1
ruinis,"[('ruinas', 1)]",1
aute,"[('ante', 1), ('autem', 1), ('aut', 1), ('gute', 1)]",4
uinetus,"[('uinetis', 1)]",1
sepor,"[('segor', 1)]",1
caipam,"[('caipas', 1)]",1
ciuitates,"[('ciuitatis', 1), ('ciuitate', 1), ('ciuitatem', 1)]",3
mages,"[('magis', 1)]",1
antiquam,"[('antiquum', 1), ('antiqua', 1)]",2
transito,"[('transit', 1)]",1
ipso,"[('ipse', 1), ('ipsi', 1), ('ipsa', 1)]",3
habundans,"[('habundant', 1)]",1
ositus,"[('situs', 1)]",1
amos,"[('amon', 1)]",1
quis,"[('aquis', 1), ('quia', 1), ('quin', 1), ('suis', 1), ('quos', 1), ('quas', 1), ('qui', 1), ('quid', 1)]",8
patria,"[('patri', 1), ('patris', 1)]",2
occidente,"[('occidentem', 1), ('occidenti', 1)]",2
ingenium,"[('ingennium', 1)]",1
magna,"[('magni', 1), ('magno', 1), ('manna', 1), ('magnas', 1), ('magnam', 1), ('magne', 1)]",6
quadam,"[('quedam', 1), ('quodam', 1), ('quandam', 1), ('quidam', 1)]",4
suna,"[('sua', 1), ('una', 1), ('sunt', 1)]",3
betel,"[('betei', 1)]",1
leuis,"[('leucis', 1)]",1
humum,"[('humus', 1)]",1
gregalis,"[('regalis', 1)]",1
montibus,"[('fontibus', 1)]",1
omnis,"[('omnia', 1), ('omnibs', 1), ('omni', 1), ('omnes', 1)]",4
ipse,"[('ipso', 1), ('ipsi', 1), ('ipsa', 1)]",3
campestra,"[('campestria', 1)]",1
uera,"[('uere', 1), ('uersa', 1), ('uero', 1)]",3
igitur,"[('agitur', 1)]",1
suficiet,"[('suficient', 1), ('suficit', 1)]",2
ciuitate,"[('ciuitates', 1), ('ciuitatem', 1)]",2
humus,"[('humum', 1), ('huius', 1)]",2
rodum,"[('modum', 1)]",1
granis,"[('grandis', 1)]",1
nostis,"[('nostris', 1)]",1
ualem,"[('uale', 1), ('ualet', 1)]",2
multos,"[('multas', 1), ('multis', 1), ('multo', 1)]",3
moria,"[('maria', 1)]",1
sisara,"[('sisaram', 1)]",1
essem,"[('esse', 1), ('esset', 1)]",2
horum,"[('forum', 1), ('eorum', 1)]",2
israhel,"[('iesrahel', 1)]",1
quoddam,"[('quodam', 1), ('quondam', 1)]",2
cruce,"[('crucem', 1)]",1
dicunt,"[('ducunt', 1)]",1
egiptus,"[('egiptum', 1)]",1
site,"[('sit', 1), ('siue', 1), ('sita', 1)]",3
ioas,"[('ionas', 1)]",1
tecto,"[('tecti', 1)]",1
tandem,"[('eandem', 1)]",1
duobus,"[('duabus', 1)]",1
botrum,"[('botrus', 1)]",1
parietes,"[('pariete', 1)]",1
descendant,"[('descendat', 1)]",1
fortisimis,"[('fortissimis', 1)]",1
dixerunt,"[('uixerunt', 1)]",1
uilis,"[('ualis', 1), ('ilis', 1)]",2
latitat,"[('latitant', 1)]",1
siri,"[('siria', 1), ('siris', 1), ('sibi', 1), ('sirie', 1), ('tiri', 1)]",5
nunc,"[('tunc', 1)]",1
sancte,"[('sancta', 1), ('sancti', 1), ('sancto', 1)]",3
tersa,"[('terra', 1), ('uersa', 1)]",2
quin,"[('quia', 1), ('quis', 1), ('qui', 1), ('quid', 1)]",4
petri,"[('petra', 1), ('patri', 1)]",2
lacus,"[('locus', 1), ('lacis', 1), ('acus', 1), ('latus', 1)]",4
fuerit,"[('fuerint', 1), ('fuerat', 1)]",2
mense,"[('mensa', 1)]",1
accedit,"[('accidit', 1)]",1
descensu,"[('descensum', 1)]",1
ortum,"[('ortus', 1)]",1
filius,"[('filium', 1), ('filiis', 1), ('ilius', 1)]",3
sedit,"[('dedit', 1)]",1
pauit,"[('lauit', 1)]",1
unde,"[('inde', 1)]",1
ecce,"[('ecco', 1)]",1
cilitia,"[('militia', 1)]",1
betgar,"[('becgar', 1)]",1
hanc,"[('honc', 1), ('hinc', 1), ('hac', 1)]",3
quasi,"[('quas', 1)]",1
canne,"[('canna', 1)]",1
regum,"[('regnum', 1), ('regem', 1), ('regium', 1), ('rerum', 1)]",4
dextra,"[('dextram', 1), ('extra', 1)]",2
primo,"[('prime', 1), ('prima', 1)]",2
uere,"[('ere', 1), ('uera', 1), ('uero', 1), ('fere', 1)]",4
alter,"[('altera', 1)]",1
numquam,"[('umquam', 1)]",1
nobilissime,"[('nobilissima', 1), ('nobilissimo', 1)]",2
lapidum,"[('lapidem', 1)]",1
desertus,"[('desertum', 1)]",1
piscine,"[('pistine', 1), ('piscina', 1)]",2
nata,"[('nota', 1), ('lata', 1)]",2
tante,"[('ante', 1), ('tate', 1), ('tanta', 1)]",3
suis,"[('quis', 1), ('suos', 1), ('seis', 1), ('sui', 1), ('suas', 1)]",5
tempore,"[('tempora', 1)]",1
dari,"[('mari', 1)]",1
duram,"[('durat', 1)]",1
omnes,"[('omne', 1), ('omnis', 1), ('omnem', 1)]",3
planicie,"[('planicies', 1), ('planiciem', 1), ('planitie', 1)]",3
regem,"[('reges', 1), ('regum', 1), ('rege', 1)]",3
locum,"[('locus', 1)]",1
regium,"[('regnum', 1), ('regum', 1)]",2
muris,"[('maris', 1), ('muros', 1), ('murus', 1), ('muri', 1), ('muriis', 1)]",5
urbs,"[('urbe', 1), ('urbes', 1), ('urbis', 1)]",3
gasa,"[('gala', 1), ('gasam', 1)]",2
paulatim,"[('palatim', 1)]",1
conflictum,"[('conflictus', 1)]",1
meam,"[('meum', 1), ('eam', 1)]",2
dietas,"[('dietam', 1)]",1
aliorum,"[('aliarum', 1)]",1
duxit,"[('dixit', 1), ('ducit', 1)]",2
mansi,"[('mansio', 1)]",1
tirum,"[('mirum', 1), ('tirus', 1)]",2
satis,"[('sitis', 1), ('salis', 1)]",2
sitis,"[('satis', 1), ('situs', 1), ('sitas', 1), ('siris', 1)]",4
palestine,"[('palestina', 1)]",1
lapidem,"[('lapidum', 1), ('lapide', 1)]",2
solis,"[('colis', 1), ('salis', 1)]",2
distat,"[('distant', 1)]",1
domino,"[('domini', 1), ('domina', 1), ('domine', 1)]",3
aurea,"[('area', 1)]",1
bonis,"[('bonas', 1), ('bonus', 1)]",2
iluc,"[('ilud', 1), ('ilum', 1)]",2
erant,"[('rant', 1), ('errant', 1), ('erat', 1)]",3
habentes,"[('habentem', 1)]",1
centum,"[('centrum', 1)]",1
sagwineum,"[('sagwinem', 1)]",1
antiocia,"[('antiociam', 1)]",1
lineam,"[('lineas', 1), ('linea', 1)]",2
multe,"[('multa', 1), ('multi', 1), ('multo', 1)]",3
munitissima,"[('munitisima', 1)]",1
milie,"[('milia', 1)]",1
ueneratur,"[('uenerantur', 1)]",1
tabulam,"[('tabula', 1), ('tabulas', 1)]",2
traditores,"[('traditorem', 1)]",1
maiore,"[('maior', 1)]",1
alie,"[('alio', 1), ('elie', 1), ('alia', 1), ('alii', 1)]",4
conditus,"[('consitus', 1)]",1
isud,"[('istud', 1), ('ilud', 1)]",2
monte,"[('fonte', 1), ('montes', 1), ('monti', 1), ('montem', 1)]",4
centrum,"[('centum', 1)]",1
uersus,"[('euersus', 1)]",1
beate,"[('beata', 1), ('beati', 1)]",2
orientem,"[('orietem', 1), ('oriente', 1)]",2
uidetur,"[('uidentur', 1)]",1
quod,"[('quos', 1), ('quo', 1), ('quid', 1), ('quot', 1)]",4
ualis,"[('uilis', 1), ('salis', 1)]",2
magnos,"[('magno', 1), ('magnas', 1), ('magnus', 1)]",3
ceteras,"[('ceteris', 1), ('cetera', 1)]",2
iudee,"[('iudea', 1), ('iudei', 1)]",2
oliueti,"[('oliueta', 1), ('oliuetis', 1)]",2
uiui,"[('uidi', 1), ('uini', 1)]",2
aliis,"[('alias', 1), ('alius', 1), ('alii', 1)]",3
nobiles,"[('nobilis', 1)]",1
fructum,"[('fructu', 1), ('fructus', 1)]",2
circumdati,"[('circumdat', 1), ('circumdata', 1)]",2
propeta,"[('propetam', 1), ('propetas', 1), ('propete', 1)]",3
bibliam,"[('biblium', 1)]",1
situs,"[('litus', 1), ('ositus', 1), ('sitis', 1), ('situm', 1), ('sitas', 1)]",5
diuisone,"[('diuisione', 1)]",1
iudei,"[('iudea', 1), ('iudee', 1)]",2
eodem,"[('eidem', 1), ('eadem', 1)]",2
quilibet,"[('cuilibet', 1)]",1
multa,"[('multe', 1), ('multas', 1), ('multi', 1), ('multo', 1)]",4
beata,"[('beate', 1), ('beati', 1)]",2
magnum,"[('magnam', 1), ('magnus', 1)]",2
semini,"[('nemini', 1)]",1
lectori,"[('lector', 1)]",1
deletis,"[('debetis', 1)]",1
celi,"[('celo', 1)]",1
sepet,"[('sepe', 1), ('sapet', 1)]",2
regio,"[('regis', 1), ('regia', 1), ('regie', 1)]",3
maon,"[('mon', 1), ('maron', 1)]",2
castelum,"[('caselum', 1)]",1
medio,"[('media', 1), ('medi', 1)]",2
habitabant,"[('habitabat', 1)]",1
habens,"[('habent', 1)]",1
betsam,"[('betsan', 1)]",1
rege,"[('reges', 1), ('regem', 1), ('regie', 1)]",3
longos,"[('longo', 1), ('longus', 1)]",2
tribui,"[('tribu', 1), ('tribus', 1)]",2
dulcis,"[('dulcius', 1)]",1
honorem,"[('honore', 1)]",1
superior,"[('superiori', 1)]",1
eadem,"[('eidem', 1), ('eodem', 1), ('eandem', 1), ('easdem', 1)]",4
torrentem,"[('torrente', 1)]",1
nauim,"[('naim', 1), ('nauis', 1)]",2
pasca,"[('pasta', 1), ('pasga', 1)]",2
auibus,"[('quibus', 1)]",1
quadrati,"[('quadrata', 1)]",1
biblium,"[('bibliam', 1)]",1
forte,"[('fortes', 1), ('fonte', 1), ('porte', 1)]",3
libano,"[('libani', 1)]",1
facta,"[('factam', 1)]",1
dicatur,"[('dicitur', 1), ('dicetur', 1)]",2
australe,"[('australi', 1), ('australes', 1), ('australem', 1)]",3
muros,"[('muris', 1), ('murus', 1), ('muro', 1)]",3
hora,"[('dora', 1)]",1
pueri,"[('puer', 1)]",1
antiquo,"[('antiqua', 1)]",1
unum,"[('unam', 1), ('unus', 1), ('uinum', 1)]",3
fuisset,"[('fuissent', 1), ('fuisse', 1)]",2
edificata,"[('edificatam', 1)]",1
iohannes,"[('iohannem', 1), ('iohannis', 1)]",2
adam,"[('aram', 1), ('axam', 1)]",2
elias,"[('alias', 1)]",1
estimare,"[('estimari', 1)]",1
urbes,"[('urbe', 1), ('urbs', 1), ('urbis', 1)]",3
maxime,"[('maxima', 1)]",1
planicies,"[('planicie', 1), ('planiciem', 1)]",2
murus,"[('muris', 1), ('muros', 1), ('murum', 1)]",3
florum,"[('forum', 1)]",1
terminum,"[('terminus', 1)]",1
errant,"[('erant', 1)]",1
decolatum,"[('decolatus', 1)]",1
castra,"[('castro', 1)]",1
cana,"[('canna', 1)]",1
baptiste,"[('baptista', 1)]",1
turris,"[('turres', 1), ('turrim', 1)]",2
planiciem,"[('planicie', 1), ('planicies', 1)]",2
generis,"[('genesis', 1)]",1
nabat,"[('nabot', 1), ('nabal', 1)]",2
montis,"[('fontis', 1), ('mentis', 1), ('montes', 1), ('monti', 1)]",4
rarum,"[('parum', 1), ('rerum', 1)]",2
gregis,"[('regis', 1), ('grecis', 1), ('greges', 1)]",3
celebraui,"[('celeberaui', 1)]",1
disposita,"[('dispositi', 1)]",1
acconensi,"[('aconensi', 1)]",1
natus,"[('latus', 1)]",1
barac,"[('balac', 1)]",1
nabot,"[('rabot', 1), ('nabat', 1)]",2
palma,"[('pala', 1), ('palmam', 1), ('palme', 1)]",3
pede,"[('pedes', 1), ('cede', 1), ('pedem', 1)]",3
milia,"[('milie', 1)]",1
orietalis,"[('orientalis', 1)]",1
tertia,"[('tertiam', 1)]",1
mirabilia,"[('mirabilis', 1)]",1
mirum,"[('tirum', 1), ('murum', 1)]",2
durat,"[('duram', 1)]",1
tabule,"[('tabula', 1)]",1
regales,"[('regalis', 1)]",1
alius,"[('alias', 1), ('aliud', 1), ('aliis', 1), ('ilius', 1)]",4
spiritus,"[('spiritu', 1)]",1
quibus,"[('auibus', 1)]",1
solent,"[('solet', 1)]",1
cesaream,"[('cesarem', 1), ('cesarea', 1)]",2
celeberaui,"[('celebraui', 1)]",1
scribo,"[('scribi', 1)]",1
superficie,"[('superficies', 1)]",1
maria,"[('mari', 1), ('maris', 1), ('moria', 1), ('mariam', 1), ('marie', 1)]",5
tantumdem,"[('tantundem', 1)]",1
nauis,"[('nauim', 1)]",1
octauam,"[('octaua', 1)]",1
casteli,"[('castelo', 1)]",1
istis,"[('istos', 1), ('isti', 1)]",2
octaua,"[('octauam', 1)]",1
uixerunt,"[('dixerunt', 1), ('uiderunt', 1)]",2
rupe,"[('rupes', 1), ('rupem', 1), ('rupi', 1)]",3
canna,"[('canne', 1), ('cana', 1), ('manna', 1)]",3
mosra,"[('bosra', 1)]",1
iohannem,"[('iohannes', 1)]",1
tegitur,"[('legitur', 1)]",1
apec,"[('afec', 1)]",1
cristianus,"[('cristianis', 1)]",1
turonum,"[('toronum', 1)]",1
cedes,"[('pedes', 1), ('codes', 1), ('cades', 1), ('sedes', 1), ('cenes', 1), ('cede', 1)]",6
uersa,"[('uera', 1), ('tersa', 1)]",2
idumea,"[('idumeo', 1)]",1
caluaria,"[('caluarie', 1)]",1
possem,"[('possum', 1), ('posset', 1), ('posse', 1)]",3
palestina,"[('palestine', 1)]",1
seir,"[('seis', 1)]",1
ipsam,"[('ipsas', 1), ('ipsa', 1), ('ipsum', 1)]",3
iesus,"[('iesu', 1), ('iesum', 1)]",2
ponam,"[('bonam', 1)]",1
pedes,"[('pede', 1), ('cedes', 1), ('sedes', 1), ('pedem', 1)]",4
adhuc,"[('adhunc', 1)]",1
iacob,"[('iacot', 1), ('iacos', 1)]",2
aram,"[('adam', 1), ('eram', 1), ('aream', 1), ('aran', 1), ('axam', 1)]",5
honc,"[('hanc', 1), ('hoc', 1), ('hinc', 1)]",3
hinc,"[('hanc', 1), ('honc', 1)]",2
totis,"[('totus', 1)]",1
puer,"[('pueri', 1), ('per', 1)]",2
fortis,"[('fortes', 1), ('ortis', 1), ('fontis', 1), ('foris', 1), ('sortis', 1)]",5
leucas,"[('leuca', 1), ('leucam', 1), ('leucis', 1)]",3
codes,"[('cedes', 1), ('cades', 1)]",2
impressiones,"[('impressionem', 1)]",1
esecielem,"[('eseciele', 1)]",1
eram,"[('eam', 1), ('aram', 1), ('erat', 1)]",3
nouo,"[('nobo', 1)]",1
egiptum,"[('egiptus', 1)]",1
cesarea,"[('cesaree', 1), ('cesarem', 1), ('cesaream', 1)]",3
nobo,"[('nebo', 1), ('nouo', 1)]",2
orti,"[('ortis', 1)]",1
dixit,"[('duxit', 1), ('dicit', 1), ('dixi', 1)]",3
alta,"[('alia', 1), ('alto', 1)]",2
betei,"[('betel', 1)]",1
sufitiat,"[('sufitiant', 1)]",1
amenitatem,"[('amenitate', 1)]",1
suos,"[('suo', 1), ('duos', 1), ('uos', 1), ('suis', 1), ('quos', 1), ('suas', 1)]",6
bona,"[('nona', 1), ('bonas', 1), ('bonam', 1)]",3
ceteris,"[('ceteras', 1)]",1
fugit,"[('fuit', 1)]",1
fecit,"[('facit', 1)]",1
manasse,"[('manasses', 1)]",1
cubitis,"[('cubitos', 1)]",1
aaron,"[('maron', 1)]",1
dominus,"[('dominum', 1), ('domius', 1)]",2
nabal,"[('nabat', 1)]",1
parte,"[('partem', 1), ('partes', 1), ('parti', 1), ('marte', 1), ('porte', 1)]",5
tota,"[('nota', 1), ('tot', 1), ('totam', 1), ('toto', 1)]",4
melis,"[('melius', 1)]",1
appelatur,"[('apelatur', 1), ('appelantur', 1)]",2
plena,"[('plana', 1), ('plene', 1)]",2
cuilibet,"[('quilibet', 1)]",1
orietem,"[('orientem', 1)]",1
hostio,"[('hostie', 1)]",1
beritum,"[('beritus', 1)]",1
uenti,"[('uentis', 1)]",1
statuam,"[('statua', 1)]",1
fuderint,"[('fuerint', 1)]",1
pars,"[('pares', 1)]",1
betaniam,"[('betania', 1)]",1
facile,"[('facili', 1), ('acile', 1)]",2
longitudine,"[('longitudinem', 1)]",1
uinea,"[('uinee', 1), ('linea', 1)]",2
siloe,"[('silo', 1)]",1
traditorem,"[('traditores', 1)]",1
sidon,"[('sidone', 1), ('sion', 1)]",2
egipto,"[('egipti', 1)]",1
castro,"[('castra', 1)]",1
egipti,"[('egipto', 1)]",1
regalis,"[('gregalis', 1), ('regales', 1)]",2
primam,"[('prima', 1)]",1
ualete,"[('ualet', 1)]",1
quedam,"[('quadam', 1), ('quemdam', 1), ('quodam', 1), ('quidam', 1)]",4
procededo,"[('procedendo', 1)]",1
impressio,"[('impression', 1)]",1
uideo,"[('uidet', 1), ('ideo', 1)]",2
abrabam,"[('abraham', 1)]",1
pluuie,"[('pluuia', 1)]",1
ibique,"[('ubique', 1)]",1
ortis,"[('fortis', 1), ('orti', 1), ('sortis', 1), ('ortus', 1)]",4
diuisas,"[('diuisa', 1)]",1
pilistei,"[('pilisteis', 1)]",1
statua,"[('statuam', 1)]",1
crucem,"[('cruce', 1)]",1
magno,"[('magni', 1), ('magna', 1), ('magnos', 1), ('magne', 1)]",4
ergo,"[('ego', 1)]",1
plana,"[('plena', 1), ('plane', 1), ('planam', 1)]",3
scribi,"[('scribo', 1)]",1
gala,"[('pala', 1), ('gasa', 1)]",2
factus,"[('factum', 1), ('factis', 1), ('iactus', 1)]",3
ecclesia,"[('ecclesias', 1), ('ecclesie', 1), ('ecclesiam', 1)]",3
infra,"[('intra', 1)]",1
nostri,"[('nostre', 1), ('nostris', 1)]",2
descendentes,"[('descendentis', 1)]",1
esset,"[('esse', 1), ('essem', 1), ('essent', 1)]",3
lapide,"[('lapidem', 1)]",1
utraque,"[('utroque', 1)]",1
fonte,"[('monte', 1), ('forte', 1), ('fontes', 1), ('fontem', 1)]",4
quemdam,"[('quedam', 1)]",1
mira,"[('mirat', 1)]",1
siue,"[('site', 1)]",1
antiquum,"[('antiquam', 1)]",1
munita,"[('muniti', 1)]",1
aream,"[('aram', 1), ('area', 1)]",2
sepultura,"[('sepultra', 1), ('sepulturam', 1)]",2
descendentis,"[('descendentes', 1)]",1
fructu,"[('fructum', 1), ('fructus', 1)]",2
quodam,"[('quadam', 1), ('quoddam', 1), ('quedam', 1), ('quondam', 1), ('quidam', 1)]",5
istum,"[('istud', 1), ('istam', 1)]",2
possum,"[('possem', 1), ('passum', 1)]",2
gloriose,"[('gloriosa', 1)]",1
abraham,"[('abrabam', 1)]",1
terrre,"[('terre', 1)]",1
aconensi,"[('acconensi', 1)]",1
lineas,"[('lineam', 1), ('linea', 1)]",2
nostre,"[('nostri', 1)]",1
turba,"[('turbia', 1), ('turbas', 1)]",2
nomine,"[('nemine', 1), ('domine', 1)]",2
campus,"[('campum', 1)]",1
quondam,"[('quoddam', 1), ('quodam', 1), ('quandam', 1)]",3
mortuus,"[('mortuum', 1)]",1
transit,"[('transito', 1)]",1
quarte,"[('quarta', 1)]",1
nemine,"[('nomine', 1), ('nemini', 1)]",2
fontis,"[('montis', 1), ('fortis', 1), ('fontes', 1)]",3
tarsus,"[('tarsis', 1)]",1
apelatur,"[('appelatur', 1)]",1
aliquatulum,"[('aliquantulum', 1)]",1
ruine,"[('ruina', 1)]",1
pares,"[('partes', 1), ('pars', 1)]",2
sacti,"[('sancti', 1)]",1
huius,"[('humus', 1), ('cuius', 1)]",2
sepultra,"[('sepultura', 1)]",1
sancti,"[('sancta', 1), ('sancte', 1), ('sacti', 1), ('sancto', 1)]",4
leuce,"[('leuca', 1), ('leuci', 1)]",2
aggredior,"[('aggrediar', 1)]",1
sepulcri,"[('sepulcro', 1)]",1
uidet,"[('uideo', 1), ('uideat', 1), ('uidit', 1)]",3
desertum,"[('desertus', 1)]",1
amon,"[('amos', 1), ('emon', 1), ('mon', 1)]",3
manna,"[('magna', 1), ('canna', 1)]",2
petram,"[('petra', 1)]",1
ipsi,"[('ipso', 1), ('ipse', 1), ('ipsa', 1), ('ipsis', 1)]",4
elie,"[('alie', 1)]",1
quandam,"[('quadam', 1), ('quondam', 1)]",2
situm,"[('situs', 1)]",1
mariam,"[('maria', 1)]",1
hostie,"[('hostio', 1)]",1
procedendo,"[('procededo', 1)]",1
modico,"[('modica', 1)]",1
aran,"[('aram', 1), ('paran', 1)]",2
edificatam,"[('edificata', 1)]",1
fontes,"[('fortes', 1), ('fonte', 1), ('fontis', 1), ('montes', 1), ('fontem', 1)]",5
ipsa,"[('ipsas', 1), ('ipso', 1), ('ipse', 1), ('ipsam', 1), ('ipsi', 1)]",5
peregrini,"[('pelegrini', 1)]",1
terminus,"[('terminum', 1), ('terminos', 1)]",2
murum,"[('murus', 1), ('mirum', 1)]",2
oliueta,"[('oliueti', 1)]",1
panum,"[('parum', 1), ('panem', 1)]",2
ueniat,"[('uenit', 1)]",1
dicit,"[('dixit', 1), ('dici', 1), ('ducit', 1)]",3
templi,"[('templo', 1)]",1
passum,"[('possum', 1), ('passus', 1)]",2
bonas,"[('ionas', 1), ('bonis', 1), ('bona', 1), ('bonus', 1), ('bonam', 1)]",5
sitas,"[('sitis', 1), ('situs', 1), ('sita', 1)]",3
diuisi,"[('diuisa', 1)]",1
mensa,"[('menia', 1), ('mense', 1)]",2
decinando,"[('declinando', 1)]",1
memorie,"[('memoria', 1)]",1
aqua,"[('aquam', 1), ('aquas', 1), ('qua', 1), ('aque', 1)]",4
ipsis,"[('ipsas', 1), ('ipsi', 1), ('ipsius', 1)]",3
austro,"[('austri', 1)]",1
arto,"[('alto', 1)]",1
magnas,"[('magna', 1), ('magnos', 1), ('magnam', 1), ('magnus', 1)]",4
appelantur,"[('appelatur', 1)]",1
deserti,"[('deserto', 1)]",1
iste,"[('isto', 1), ('ista', 1), ('isti', 1)]",3
modicam,"[('modicum', 1), ('modica', 1)]",2
distant,"[('distent', 1), ('distat', 1), ('distans', 1)]",3
contingit,"[('contigit', 1)]",1
defluit,"[('efluit', 1)]",1
hermoniim,"[('hermonium', 1)]",1
amena,"[('arena', 1), ('armena', 1)]",2
tantam,"[('tantum', 1), ('tanta', 1)]",2
adhunc,"[('adhuc', 1)]",1
laoditiam,"[('laoditia', 1)]",1
bodie,"[('hodie', 1)]",1
hiis,"[('hii', 1)]",1
melo,"[('celo', 1), ('mel', 1)]",2
ipsum,"[('iesum', 1), ('ipsam', 1)]",2
medium,"[('mediam', 1)]",1
leucam,"[('leuca', 1), ('leucas', 1)]",2
cenerot,"[('tenerot', 1)]",1
potui,"[('posui', 1)]",1
cades,"[('cedes', 1), ('codes', 1)]",2
porta,"[('porte', 1), ('portam', 1)]",2
tuli,"[('nuli', 1), ('tali', 1)]",2
uinum,"[('unum', 1)]",1
tamen,"[('tamem', 1)]",1
siris,"[('siria', 1), ('siri', 1), ('sitis', 1), ('sirie', 1)]",4
sequentis,"[('sequenti', 1)]",1
ministris,"[('sinistris', 1)]",1
penitia,"[('penitiam', 1)]",1
soelet,"[('solet', 1)]",1
nominibus,"[('hominibus', 1)]",1
positas,"[('posita', 1)]",1
dora,"[('hora', 1)]",1
suficit,"[('suficiet', 1)]",1
uideat,"[('uidet', 1)]",1
nouem,"[('nouam', 1)]",1
duci,"[('dici', 1), ('ducit', 1)]",2
uale,"[('ualde', 1), ('ualem', 1), ('uile', 1), ('ualet', 1)]",4
bestiis,"[('bestias', 1)]",1
idem,"[('eidem', 1), ('ides', 1), ('ideo', 1), ('item', 1)]",4
marie,"[('mari', 1), ('maris', 1), ('maria', 1), ('marte', 1), ('mare', 1)]",5
quos,"[('duos', 1), ('uos', 1), ('quis', 1), ('quod', 1), ('suos', 1), ('quas', 1), ('quo', 1), ('quot', 1)]",8
prime,"[('primo', 1), ('prima', 1)]",2
galilee,"[('galilea', 1)]",1
nuli,"[('nula', 1), ('tuli', 1), ('nulo', 1)]",3
locus,"[('lacus', 1), ('locum', 1), ('locis', 1)]",3
arcis,"[('arcus', 1)]",1
capitis,"[('capiti', 1)]",1
quem,"[('quam', 1), ('que', 1)]",2
fons,"[('mons', 1)]",1
loca,"[('loco', 1)]",1
possunt,"[('possent', 1), ('possint', 1)]",2
palam,"[('pala', 1), ('palmam', 1)]",2
caldeam,"[('caldea', 1)]",1
usqe,"[('usque', 1)]",1
inuenit,"[('inuenio', 1)]",1
parti,"[('parte', 1), ('partim', 1)]",2
posset,"[('possit', 1), ('possent', 1), ('possem', 1), ('posse', 1)]",4
decolatus,"[('decolatum', 1)]",1
solet,"[('solent', 1), ('soelet', 1)]",2
marmoree,"[('marmore', 1)]",1
palme,"[('palma', 1)]",1
mortuum,"[('mortuus', 1)]",1
multas,"[('multos', 1), ('multa', 1), ('multis', 1)]",3
iohannis,"[('iohannes', 1)]",1
arabie,"[('arabia', 1)]",1
ingennium,"[('ingenium', 1)]",1
emon,"[('amon', 1), ('mon', 1)]",2
tunc,"[('nunc', 1)]",1
betlesem,"[('betlehem', 1), ('betleem', 1)]",2
detrarca,"[('tetrarca', 1)]",1
deuotione,"[('deuotionem', 1)]",1
gloriosa,"[('gloriose', 1)]",1
domius,"[('dominus', 1), ('domus', 1)]",2
idumeo,"[('idumea', 1)]",1
orientalem,"[('orientale', 1)]",1
habitabat,"[('habitabant', 1)]",1
fuissent,"[('fuisset', 1)]",1
tabula,"[('tabulam', 1), ('tabule', 1), ('tabulas', 1)]",3
sibi,"[('siri', 1), ('ibi', 1)]",2
camelis,"[('camelos', 1)]",1
predium,"[('precium', 1)]",1
dici,"[('dii', 1), ('dicit', 1), ('duci', 1), ('dixi', 1), ('mici', 1), ('dicti', 1), ('diei', 1)]",7
templo,"[('templi', 1)]",1
superioris,"[('superiori', 1)]",1
eseciele,"[('eseciel', 1), ('esecielem', 1)]",2
distinctionem,"[('distinctione', 1)]",1
amenitate,"[('amenitatem', 1)]",1
sedes,"[('cedes', 1), ('pedes', 1)]",2
cuius,"[('huius', 1)]",1
fabulas,"[('tabulas', 1)]",1
babilonia,"[('babilonis', 1)]",1
penicie,"[('penicis', 1)]",1
domus,"[('domum', 1), ('domos', 1), ('domius', 1)]",3
mentis,"[('montis', 1), ('uentis', 1)]",2
foris,"[('fortis', 1)]",1
spelunca,"[('speluncam', 1)]",1
istud,"[('isud', 1), ('istum', 1)]",2
lacis,"[('lacus', 1), ('locis', 1), ('lapis', 1)]",3
pacem,"[('panem', 1)]",1
inde,"[('unde', 1)]",1
lagi,"[('legi', 1)]",1
sarracenos,"[('sarracenis', 1)]",1
locis,"[('locus', 1), ('lacis', 1)]",2
descendebat,"[('descendebant', 1)]",1
tabernacula,"[('tabernaculi', 1)]",1
montes,"[('monte', 1), ('montis', 1), ('fontes', 1), ('montem', 1)]",4
cenes,"[('cedes', 1)]",1
sangwinem,"[('sagwinem', 1)]",1
comuniter,"[('comunitur', 1)]",1
ilud,"[('iluc', 1), ('isud', 1), ('ilum', 1)]",3
ananeel,"[('annaneel', 1)]",1
muri,"[('mari', 1), ('muris', 1), ('muro', 1)]",3
orientali,"[('orientale', 1), ('orientalis', 1)]",2
aliquem,"[('alique', 1)]",1
iuditio,"[('iuditia', 1)]",1
nebulose,"[('nebulosa', 1)]",1
rupes,"[('rupe', 1), ('rupem', 1), ('rupis', 1)]",3
oriente,"[('orientem', 1)]",1
marte,"[('parte', 1), ('marie', 1), ('mare', 1)]",3
sion,"[('sione', 1), ('gion', 1), ('sidon', 1)]",3
saulis,"[('salis', 1)]",1
armenia,"[('armena', 1)]",1
caselum,"[('castelum', 1)]",1
genesis,"[('generis', 1)]",1
dixi,"[('dii', 1), ('dixit', 1), ('dici', 1), ('diei', 1)]",4
monti,"[('monte', 1), ('montis', 1)]",2
australes,"[('australis', 1), ('australe', 1), ('australem', 1)]",3
celo,"[('celos', 1), ('celi', 1), ('melo', 1)]",3
nouam,"[('nouem', 1)]",1
becgar,"[('betgar', 1)]",1
domini,"[('domino', 1), ('domina', 1), ('domine', 1)]",3
tenerot,"[('cenerot', 1)]",1
aliquantulum,"[('aliquatulum', 1)]",1
poterat,"[('poterant', 1)]",1
apparet,"[('apparent', 1)]",1
ipsius,"[('ipsis', 1)]",1
occurrit,"[('occurit', 1)]",1
tantum,"[('tantam', 1)]",1
betsan,"[('betsam', 1)]",1
monstrantur,"[('monstratur', 1)]",1
mirat,"[('mira', 1)]",1
grandis,"[('granis', 1)]",1
gute,"[('aute', 1)]",1
mici,"[('mii', 1), ('dici', 1)]",2
antiqua,"[('antiquam', 1), ('antiquo', 1)]",2
maximam,"[('maxima', 1)]",1
penitiam,"[('penitia', 1)]",1
habet,"[('habent', 1)]",1
camelos,"[('camelis', 1)]",1
lapis,"[('lacis', 1)]",1
caldea,"[('caldeam', 1)]",1
tantundem,"[('tantumdem', 1)]",1
docentem,"[('ducentem', 1)]",1
quas,"[('quam', 1), ('duas', 1), ('quis', 1), ('quasi', 1), ('quos', 1), ('aquas', 1), ('qua', 1), ('suas', 1)]",8
betulia,"[('betuliam', 1), ('betulie', 1)]",2
balac,"[('barac', 1)]",1
pelegrini,"[('peregrini', 1)]",1
extendit,"[('extendat', 1), ('extendrit', 1)]",2
sindone,"[('sidone', 1)]",1
ides,"[('idem', 1), ('ideo', 1)]",2
patris,"[('patri', 1), ('patria', 1)]",2
nulo,"[('nula', 1), ('nuli', 1), ('ulo', 1)]",3
planitie,"[('planicie', 1)]",1
samariam,"[('samaria', 1)]",1
capiti,"[('capitis', 1)]",1
impression,"[('impressio', 1)]",1
palatim,"[('paulatim', 1)]",1
occidentem,"[('occidente', 1)]",1
duabus,"[('duobus', 1)]",1
turbia,"[('turba', 1)]",1
descendat,"[('descendant', 1), ('descendit', 1)]",2
passus,"[('passum', 1)]",1
memoriam,"[('memoria', 1)]",1
iacot,"[('iacob', 1), ('iacos', 1)]",2
facili,"[('facile', 1)]",1
regie,"[('regis', 1), ('regia', 1), ('regio', 1), ('rege', 1)]",4
occidenti,"[('occidentis', 1), ('occidente', 1)]",2
latitudine,"[('latitudinem', 1)]",1
sepulturam,"[('sepultura', 1)]",1
impressionem,"[('impressiones', 1)]",1
quarum,"[('duarum', 1), ('aquarum', 1), ('quorum', 1)]",3
legi,"[('elegi', 1), ('lagi', 1)]",2
hominum,"[('dominum', 1)]",1
caipas,"[('caipam', 1)]",1
dicti,"[('dici', 1), ('dicta', 1)]",2
uoragine,"[('uoraginem', 1)]",1
iturea,"[('ituream', 1)]",1
cristianis,"[('cristiani', 1), ('cristianus', 1)]",2
uentis,"[('uenti', 1), ('mentis', 1)]",2
uoraginem,"[('uoragine', 1)]",1
galgata,"[('galgala', 1), ('golgata', 1)]",2
leucis,"[('leuis', 1), ('leucas', 1), ('leuci', 1)]",3
mediam,"[('media', 1), ('medium', 1)]",2
colis,"[('solis', 1)]",1
dextram,"[('dextra', 1), ('dexteram', 1)]",2
aquilonaris,"[('aquilonari', 1)]",1
piscinas,"[('piscina', 1), ('piscinan', 1), ('piscinam', 1)]",3
axam,"[('adam', 1), ('aram', 1)]",2
longo,"[('longe', 1), ('longos', 1), ('longa', 1)]",3
munitisima,"[('munitissima', 1)]",1
ierusales,"[('ierusalem', 1)]",1
estimari,"[('estimare', 1)]",1
eandem,"[('tandem', 1), ('eadem', 1), ('easdem', 1)]",3
multi,"[('multe', 1), ('multa', 1), ('multis', 1), ('multo', 1)]",4
uestre,"[('uestri', 1)]",1
oculos,"[('oculis', 1)]",1
operatus,"[('operates', 1)]",1
longitudinem,"[('longitudine', 1)]",1
quidam,"[('quadam', 1), ('quedam', 1), ('quodam', 1), ('quidem', 1)]",4
tiro,"[('tiri', 1)]",1
celam,"[('cenam', 1), ('celum', 1)]",2
tabulis,"[('tabulas', 1)]",1
terre,"[('terra', 1), ('terrre', 1), ('turre', 1)]",3
tali,"[('tuli', 1)]",1
quorum,"[('duorum', 1), ('quarum', 1)]",2
istam,"[('istum', 1), ('ista', 1)]",2
alia,"[('alias', 1), ('alio', 1), ('alie', 1), ('alta', 1), ('alii', 1), ('aliam', 1)]",6
seis,"[('suis', 1), ('seir', 1), ('eis', 1)]",3
marmore,"[('marmoree', 1)]",1
circuitum,"[('circuitu', 1), ('circuitus', 1)]",2
totam,"[('tota', 1), ('totum', 1)]",2
rupem,"[('rupe', 1), ('rupes', 1)]",2
medi,"[('media', 1), ('medio', 1)]",2
arabiam,"[('arabia', 1)]",1
armena,"[('arena', 1), ('amena', 1), ('armenia', 1)]",3
terminos,"[('terminus', 1)]",1
intrat,"[('intra', 1)]",1
gradu,"[('gradus', 1)]",1
turre,"[('turres', 1), ('terre', 1)]",2
omnem,"[('omne', 1), ('omnes', 1)]",2
oliuetis,"[('oliueti', 1)]",1
plene,"[('plena', 1), ('plane', 1)]",2
mansio,"[('mansi', 1)]",1
uidens,"[('uadens', 1)]",1
plane,"[('plana', 1), ('plene', 1)]",2
euersus,"[('uersus', 1)]",1
campestris,"[('campestria', 1)]",1
lauit,"[('latuit', 1), ('pauit', 1)]",2
iacos,"[('iacob', 1), ('iacot', 1)]",2
dicetur,"[('dicebtur', 1), ('dicitur', 1), ('dicatur', 1)]",3
puerum,"[('uerum', 1)]",1
bonus,"[('bonis', 1), ('bonas', 1)]",2
habundant,"[('habundans', 1)]",1
betleem,"[('betlehem', 1), ('betlesem', 1)]",2
acus,"[('arcus', 1), ('lacus', 1)]",2
sirie,"[('siria', 1), ('siri', 1), ('siris', 1)]",3
sinistris,"[('ministris', 1)]",1
sita,"[('ita', 1), ('site', 1), ('sit', 1), ('sitas', 1)]",4
pluuia,"[('pluuie', 1), ('pluuiam', 1)]",2
hodie,"[('bodie', 1)]",1
tamem,"[('tamen', 1)]",1
deum,"[('meum', 1), ('eum', 1), ('deut', 1), ('deus', 1)]",4
iuditia,"[('iuditio', 1)]",1
fontem,"[('fonte', 1), ('fontes', 1), ('montem', 1)]",3
greges,"[('reges', 1), ('gregis', 1)]",2
pasga,"[('pasta', 1), ('pasca', 1)]",2
domina,"[('domino', 1), ('domini', 1), ('domine', 1)]",3
alto,"[('alio', 1), ('alta', 1), ('arto', 1)]",3
nemini,"[('semini', 1), ('nemine', 1)]",2
torrente,"[('torrentem', 1)]",1
aquas,"[('aquam', 1), ('aquis', 1), ('aqua', 1), ('quas', 1)]",4
austri,"[('austro', 1)]",1
circumdat,"[('circumdati', 1), ('circumdata', 1)]",2
muro,"[('muros', 1), ('muri', 1)]",2
mons,"[('fons', 1), ('mon', 1)]",2
isto,"[('istos', 1), ('iste', 1), ('ista', 1), ('isti', 1)]",4
salis,"[('satis', 1), ('solis', 1), ('ualis', 1), ('saulis', 1), ('salim', 1)]",5
iordanem,"[('iordane', 1)]",1
uenit,"[('ueniat', 1)]",1
uile,"[('uila', 1), ('ile', 1), ('uale', 1), ('uie', 1)]",4
acile,"[('facile', 1)]",1
partim,"[('partem', 1), ('parti', 1)]",2
baptista,"[('baptiste', 1)]",1
agitur,"[('igitur', 1)]",1
prospectu,"[('prospectus', 1)]",1
ecclesiis,"[('ecclesias', 1)]",1
rerum,"[('regum', 1), ('rarum', 1), ('uerum', 1)]",3
urbis,"[('uobis', 1), ('urbs', 1), ('urbes', 1)]",3
deut,"[('deum', 1), ('deus', 1)]",2
corporis,"[('corporeis', 1)]",1
noctem,"[('nocte', 1)]",1
fuerint,"[('fuerit', 1), ('fuderint', 1), ('fuerunt', 1)]",3
fuit,"[('fui', 1), ('fugit', 1), ('fluit', 1)]",3
sciret,"[('scire', 1)]",1
maior,"[('maiore', 1)]",1
usque,"[('usqe', 1)]",1
munitus,"[('munitum', 1)]",1
dies,"[('die', 1), ('diem', 1), ('diei', 1)]",3
ideo,"[('deo', 1), ('uideo', 1), ('idem', 1), ('ides', 1)]",4
posuit,"[('possit', 1), ('posui', 1)]",2
quarta,"[('quartam', 1), ('quarte', 1)]",2
discipulos,"[('discipulis', 1)]",1
sagwine,"[('sagwinem', 1)]",1
distans,"[('distant', 1)]",1
lerico,"[('ierico', 1)]",1
certe,"[('certo', 1)]",1
cristi,"[('cristo', 1)]",1
uinetis,"[('uinetus', 1), ('uineis', 1)]",2
historia,"[('historias', 1)]",1
propetas,"[('propetam', 1), ('propeta', 1)]",2
filiis,"[('filii', 1), ('filius', 1)]",2
silo,"[('ilo', 1), ('siloe', 1)]",2
sidonem,"[('sidone', 1), ('simonem', 1)]",2
quadrata,"[('quadrati', 1)]",1
incipit,"[('incidit', 1)]",1
cristo,"[('cristi', 1)]",1
uineis,"[('uinetis', 1)]",1
metropolis,"[('metropolim', 1)]",1
tecua,"[('tecue', 1)]",1
quid,"[('quia', 1), ('quis', 1), ('quin', 1), ('quod', 1), ('qui', 1)]",5
ducunt,"[('dicunt', 1), ('ducant', 1)]",2
rubri,"[('rubra', 1)]",1
sequenti,"[('sequentis', 1)]",1
cede,"[('pede', 1), ('cedes', 1)]",2
munitum,"[('munitus', 1)]",1
iesse,"[('esse', 1)]",1
habent,"[('habeant', 1), ('habens', 1), ('habet', 1)]",3
bostron,"[('boston', 1)]",1
missas,"[('missus', 1)]",1
ducit,"[('duxit', 1), ('dicit', 1), ('duci', 1)]",3
cubitos,"[('cubitis', 1)]",1
rupis,"[('rupes', 1), ('rupi', 1)]",2
arabia,"[('arabie', 1), ('arabiam', 1)]",2
australem,"[('australe', 1), ('australes', 1)]",2
betulie,"[('betulia', 1)]",1
uerum,"[('uerbum', 1), ('puerum', 1), ('rerum', 1), ('uterum', 1)]",4
hermonium,"[('hermoniim', 1)]",1
tabulas,"[('tabulam', 1), ('tabula', 1), ('fabulas', 1), ('tabulis', 1)]",4
fortissimas,"[('fortissimis', 1)]",1
pariete,"[('parietes', 1)]",1
ilis,"[('ili', 1), ('uilis', 1), ('ilius', 1), ('ilos', 1)]",4
tiri,"[('siri', 1), ('tiro', 1)]",2
aque,"[('que', 1), ('aqua', 1)]",2
eorum,"[('forum', 1), ('horum', 1)]",2
extendrit,"[('extendit', 1)]",1
samaria,"[('samariam', 1), ('samarie', 1)]",2
tecti,"[('tecto', 1)]",1
sortis,"[('fortis', 1), ('ortis', 1)]",2
ecclesie,"[('ecclesia', 1)]",1
dispositi,"[('disposita', 1)]",1
latus,"[('litus', 1), ('lacus', 1), ('natus', 1)]",3
propete,"[('propeta', 1)]",1
domine,"[('domino', 1), ('nomine', 1), ('domini', 1), ('domina', 1)]",4
maron,"[('maon', 1), ('aaron', 1)]",2
longa,"[('longe', 1), ('longo', 1)]",2
pedem,"[('pedum', 1), ('pede', 1), ('pedes', 1), ('pelem', 1)]",4
uestri,"[('uestre', 1), ('uestris', 1)]",2
item,"[('idem', 1)]",1
mare,"[('mari', 1), ('marie', 1), ('marte', 1)]",3
ualet,"[('ualem', 1), ('ualete', 1), ('uale', 1)]",3
ciues,"[('niues', 1)]",1
portus,"[('ortus', 1)]",1
dietam,"[('dietas', 1)]",1
iudeam,"[('iudea', 1)]",1
uenerantur,"[('ueneratur', 1)]",1
babilonis,"[('babilonia', 1)]",1
orbem,"[('orbe', 1)]",1
totum,"[('totus', 1), ('totam', 1)]",2
ista,"[('ita', 1), ('iste', 1), ('istam', 1), ('isto', 1), ('isti', 1)]",5
toto,"[('tot', 1), ('tota', 1)]",2
septemtrionale,"[('septemtrionali', 1)]",1
memoria,"[('memorie', 1), ('memoriam', 1)]",2
comprehendi,"[('comrehendi', 1)]",1
bonam,"[('ponam', 1), ('bona', 1), ('bonas', 1)]",3
libani,"[('libano', 1)]",1
cariatiarim,"[('caiatiarim', 1)]",1
mirabilis,"[('mirabilia', 1)]",1
samarie,"[('samaria', 1), ('sacarie', 1)]",2
extra,"[('dextra', 1)]",1
dicta,"[('dicti', 1)]",1
tectum,"[('lectum', 1)]",1
occidentalis,"[('occidentali', 1)]",1
ducentem,"[('docentem', 1)]",1
magnam,"[('magna', 1), ('magnum', 1), ('magnas', 1)]",3
uini,"[('uidi', 1), ('uiui', 1)]",2
aquilonari,"[('aquilonaris', 1)]",1
altera,"[('alter', 1)]",1
uestris,"[('uestri', 1)]",1
leuci,"[('leuca', 1), ('leuce', 1), ('leucis', 1)]",3
tarsis,"[('tarsus', 1)]",1
aggrediar,"[('aggredior', 1)]",1
uidentur,"[('uidetur', 1)]",1
magnus,"[('magnos', 1), ('magnum', 1), ('magnas', 1)]",3
quidem,"[('quidam', 1)]",1
ilius,"[('filius', 1), ('alius', 1), ('ilis', 1)]",3
muriis,"[('muris', 1)]",1
melius,"[('melis', 1)]",1
suam,"[('suum', 1), ('quam', 1), ('sua', 1), ('suas', 1)]",4
multis,"[('multos', 1), ('multas', 1), ('multi', 1)]",3
uniam,"[('unam', 1), ('uiam', 1)]",2
iesrahel,"[('israhel', 1)]",1
fluit,"[('fuit', 1), ('efluit', 1)]",2
efluit,"[('defluit', 1), ('fluit', 1)]",2
muniri,"[('muniti', 1)]",1
montem,"[('monte', 1), ('montes', 1), ('fontem', 1)]",3
factis,"[('factus', 1)]",1
ortus,"[('ortum', 1), ('ortis', 1), ('portus', 1)]",3
poterant,"[('poterat', 1)]",1
facit,"[('fecit', 1)]",1
erat,"[('erant', 1), ('eram', 1)]",2
boston,"[('bostron', 1)]",1
uero,"[('uerbo', 1), ('uera', 1), ('uere', 1)]",3
diuisa,"[('diuisas', 1), ('diuisi', 1)]",2
deus,"[('deum', 1), ('deut', 1)]",2
ierusalem,"[('ierusales', 1)]",1
contigit,"[('contingit', 1)]",1
habentem,"[('habentes', 1)]",1
fabe,"[('faba', 1)]",1
militia,"[('militie', 1), ('cilitia', 1)]",2
tanta,"[('tante', 1), ('tantam', 1)]",2
conflictus,"[('conflictum', 1)]",1
habere,"[('haberet', 1)]",1
fructus,"[('fructum', 1), ('fructu', 1)]",2
tecue,"[('tecua', 1)]",1
hominibus,"[('nominibus', 1)]",1
carmelum,"[('carmelus', 1)]",1
linea,"[('lineam', 1), ('uinea', 1), ('lineas', 1)]",3
diem,"[('die', 1), ('dies', 1), ('diei', 1)]",3
quot,"[('quod', 1), ('quos', 1), ('quo', 1)]",3
alii,"[('alio', 1), ('alie', 1), ('aliis', 1), ('alia', 1)]",4
paran,"[('aran', 1)]",1
suas,"[('duas', 1), ('suis', 1), ('suos', 1), ('sua', 1), ('quas', 1), ('suam', 1)]",6
sancto,"[('sancta', 1), ('sancte', 1), ('sancti', 1)]",3
cetera,"[('ceteras', 1)]",1
beati,"[('beate', 1), ('beata', 1)]",2
carmelus,"[('carmelum', 1)]",1
uiderunt,"[('uixerunt', 1)]",1
sunt,"[('suna', 1)]",1
superiori,"[('superior', 1), ('superioris', 1)]",2
ingenio,"[('inuenio', 1)]",1
ilum,"[('ilam', 1), ('iluc', 1), ('ilud', 1)]",3
secundam,"[('secunda', 1), ('secundum', 1)]",2
fuisse,"[('fuisset', 1)]",1
planam,"[('plana', 1), ('plagam', 1)]",2
rupi,"[('rupe', 1), ('rupis', 1)]",2
ramot,"[('rabot', 1)]",1
descensum,"[('descensu', 1)]",1
nobis,"[('uobis', 1)]",1
essent,"[('esset', 1)]",1
gasam,"[('gasa', 1)]",1
monstratur,"[('monstrantur', 1)]",1
fuerunt,"[('fuerint', 1)]",1
ciuitatem,"[('ciuitates', 1), ('ciuitate', 1)]",2
multo,"[('multos', 1), ('multe', 1), ('multa', 1), ('multi', 1)]",4
urna,"[('una', 1)]",1
descendit,"[('decendit', 1), ('descendat', 1)]",2
cenam,"[('celam', 1)]",1
plagam,"[('plagas', 1), ('planam', 1)]",2
speluncam,"[('spelunca', 1)]",1
posse,"[('possem', 1), ('posset', 1)]",2
ecclesiam,"[('ecclesias', 1), ('ecclesia', 1)]",2
salutem,"[('saltem', 1)]",1
occidentali,"[('occidentale', 1), ('occidentalis', 1)]",2
panem,"[('panum', 1), ('pacem', 1)]",2
descendebant,"[('descendebat', 1)]",1
capele,"[('capela', 1)]",1
isti,"[('esti', 1), ('istis', 1), ('iste', 1), ('isto', 1), ('ista', 1)]",5
annaneel,"[('ananeel', 1)]",1
precium,"[('predium', 1)]",1
deserto,"[('deserti', 1)]",1
legitur,"[('tegitur', 1)]",1
iactus,"[('iactum', 1), ('factus', 1)]",2
ubique,"[('ibique', 1)]",1
missus,"[('missas', 1)]",1
circumdata,"[('circumdati', 1), ('circumdat', 1)]",2
tirus,"[('tirum', 1)]",1
uterum,"[('uerum', 1), ('iterum', 1)]",2
galileam,"[('galilea', 1)]",1
turbas,"[('turba', 1)]",1
fuerat,"[('fuerit', 1)]",1
iterum,"[('uterum', 1)]",1
operates,"[('operatus', 1)]",1
dabir,"[('abir', 1)]",1
incidit,"[('incipit', 1)]",1
capela,"[('capelam', 1), ('capele', 1)]",2
circuitus,"[('circuitu', 1), ('circuitum', 1)]",2
sapet,"[('sepet', 1)]",1
aliam,"[('alias', 1), ('alia', 1)]",2
easdem,"[('eadem', 1), ('eandem', 1)]",2
modicus,"[('modicum', 1)]",1
ruina,"[('ruinas', 1), ('ruine', 1)]",2
ducant,"[('ducunt', 1)]",1
manasses,"[('manasse', 1)]",1
tobia,"[('tobie', 1)]",1
nocte,"[('noctem', 1)]",1
ituream,"[('iturea', 1)]",1
fere,"[('ere', 1), ('uere', 1)]",2
mecum,"[('meum', 1)]",1
area,"[('arena', 1), ('arca', 1), ('aurea', 1), ('aream', 1)]",4
latitudinem,"[('latitudine', 1)]",1
recolo,"[('rocolo', 1)]",1
pluuiam,"[('pluuia', 1)]",1
magis,"[('maris', 1), ('mages', 1)]",2
orbe,"[('urbe', 1), ('orbem', 1)]",2
ilos,"[('flos', 1), ('ilo', 1), ('ilis', 1)]",3
sacarie,"[('samarie', 1)]",1
defixit,"[('deficit', 1)]",1
sagwinem,"[('sagwineum', 1), ('sangwinem', 1), ('sagwine', 1)]",3
lectum,"[('tectum', 1)]",1
tobie,"[('tobia', 1)]",1
diei,"[('die', 1), ('dii', 1), ('dici', 1), ('dixi', 1), ('dei', 1), ('dies', 1), ('diem', 1)]",7
prima,"[('primo', 1), ('primam', 1), ('prime', 1)]",3
nebulosa,"[('nebulose', 1)]",1
nostris,"[('nostis', 1), ('nostri', 1)]",2
factam,"[('factum', 1), ('facta', 1)]",2
turrim,"[('turris', 1)]",1
porte,"[('forte', 1), ('parte', 1), ('porta', 1)]",3
celum,"[('celeum', 1), ('celam', 1)]",2
simonem,"[('sidonem', 1)]",1
dexteram,"[('dextram', 1)]",1
betania,"[('betaniam', 1)]",1
modica,"[('modico', 1), ('modicam', 1)]",2
portam,"[('porta', 1)]",1
terram,"[('terra', 1)]",1
toronum,"[('turonum', 1)]",1
galilea,"[('galilee', 1), ('galileam', 1)]",2
campestria,"[('campestra', 1), ('campestris', 1)]",2
salim,"[('salis', 1)]",1
accidit,"[('occidit', 1), ('accedit', 1)]",2
dicebatur,"[('dicebtur', 1)]",1
fluuium,"[('fluuius', 1)]",1
uidit,"[('uidi', 1), ('uidet', 1)]",2
longus,"[('longos', 1)]",1
carmelo,"[('carmeli', 1)]",1
iuda,"[('iudea', 1)]",1
magne,"[('magni', 1), ('magna', 1), ('magno', 1)]",3
lata,"[('nata', 1)]",1
pelem,"[('pedem', 1)]",1
cardin,"[('cardini', 1), ('cardins', 1)]",2
rubra,"[('rubri', 1)]",1
causa,"[('causam', 1)]",1
